0,0.012661433,0.013138878,150
0.014230824,0.025322867,0.026277756,150.05
0.028461648,0.0379843,0.039416634,150.1
0.042692472,0.050645733,0.052555512,150.15
0.056923296,0.063307166,0.06569439,150.2
0.07115412,0.0759686,0.078833268,150.25
0.085384944,0.088630033,0.091972146,150.3
0.099615768,0.101291466,0.105111024,150.35
0.113846592,0.113952899,0.118249901,150.4
0.128077416,0.126614333,0.131388779,150.45
0.14230824,0.139275766,0.144527657,150.5
0.156539064,0.151937199,0.157666535,150.55
0.170769888,0.164598633,0.170805413,150.6
0.185000712,0.177260066,0.183944291,150.65
0.199231536,0.189921499,0.197083169,150.7
0.213462359,0.202582932,0.210222047,150.75
0.227693183,0.215244366,0.223360925,150.8
0.241924007,0.227905799,0.236499803,150.85
0.256154831,0.240567232,0.249638681,150.9
0.270385655,0.253228665,0.262777559,150.95
0.284616479,0.265890099,0.275916437,151
0.298847303,0.278551532,0.289055315,151.05
0.313078127,0.291212965,0.302194193,151.1
0.327308951,0.303874399,0.315333071,151.15
0.341539775,0.316535832,0.328471948,151.2
0.355770599,0.329197265,0.341610826,151.25
0.370001423,0.341858698,0.354749704,151.3
0.384232247,0.354520132,0.367888582,151.35
0.398463071,0.367181565,0.38102746,151.4
0.412693895,0.379842998,0.394166338,151.45
0.426924719,0.392504432,0.407305216,151.5
0.441155543,0.405165865,0.420444094,151.55
0.455386367,0.417827298,0.433582972,151.6
0.469617191,0.430488731,0.44672185,151.65
0.483848015,0.443150165,0.459860728,151.7
0.498078839,0.455811598,0.472999606,151.75
0.512309663,0.468473031,0.486138484,151.8
0.526540487,0.481134464,0.499277362,151.85
0.540771311,0.493795898,0.51241624,151.9
0.555002135,0.506457331,0.525555118,151.95
0.569232959,0.519118764,0.538693996,152
0.583463783,0.531780198,0.551832873,152.05
0.597694607,0.544441631,0.564971751,152.1
0.61192543,0.557103064,0.578110629,152.15
0.626156254,0.569764497,0.591249507,152.2
0.640387078,0.582425931,0.604388385,152.25
0.654617902,0.595087364,0.617527263,152.3
0.668848726,0.607748797,0.630666141,152.35
0.68307955,0.62041023,0.643805019,152.4
0.697310374,0.633071664,0.656943897,152.45
0.711541198,0.645733097,0.670082775,152.5
0.725772022,0.65839453,0.683221653,152.55
0.740002846,0.671055964,0.696360531,152.6
0.75423367,0.683717397,0.709499409,152.65
0.768464494,0.69637883,0.722638287,152.7
0.782695318,0.709040263,0.735777165,152.75
0.796926142,0.721701697,0.748916043,152.8
0.811156966,0.73436313,0.762054921,152.85
0.82538779,0.747024563,0.775193798,152.9
0.839618614,0.759685996,0.788332676,152.95
0.853849438,0.77234743,0.801471554,153
0.868080262,0.785008863,0.814610432,153.05
0.882311086,0.797670296,0.82774931,153.1
0.89654191,0.81033173,0.840888188,153.15
0.910772734,0.822993163,0.854027066,153.2
0.925003558,0.835654596,0.867165944,153.25
0.939234382,0.848316029,0.880304822,153.3
0.953465206,0.860977463,0.8934437,153.35
0.96769603,0.873638896,0.906582578,153.4
0.981926854,0.886300329,0.919721456,153.45
0.996157678,0.898961762,0.932860334,153.5
1.010388501,0.911623196,0.945999212,153.55
1.024619325,0.924284629,0.95913809,153.6
1.038850149,0.936946062,0.972276968,153.65
1.053080973,0.949607496,0.985415845,153.7
1.067311797,0.962268929,0.998554723,153.75
1.081542621,0.974930362,1.011693601,153.8
1.095773445,0.987591795,1.024832479,153.85
1.110004269,1.000253229,1.037971357,153.9
1.124235093,1.012914662,1.051110235,153.95
1.138465917,1.025576095,1.064249113,154
1.152696741,1.038237528,1.077387991,154.05
1.166927565,1.050898962,1.090526869,154.1
1.181158389,1.063560395,1.103665747,154.15
1.195389213,1.076221828,1.116804625,154.2
1.209620037,1.088883262,1.129943503,154.25
1.223850861,1.101544695,1.143082381,154.3
1.238081685,1.114206128,1.156221259,154.35
1.252312509,1.126867561,1.169360137,154.4
1.266543333,1.139528995,1.182499015,154.45
1.280774157,1.152190428,1.195637893,154.5
1.295004981,1.164851861,1.20877677,154.55
1.309235805,1.177513295,1.221915648,154.6
1.323466629,1.190174728,1.235054526,154.65
1.337697453,1.202836161,1.248193404,154.7
1.351928277,1.215497594,1.261332282,154.75
1.366159101,1.228159028,1.27447116,154.8
1.380389925,1.240820461,1.287610038,154.85
1.394620749,1.253481894,1.300748916,154.9
1.408851573,1.266143327,1.313887794,154.95
1.423082396,1.278804761,1.327026672,155
1.43731322,1.291466194,1.34016555,155.05
1.451544044,1.304127627,1.353304428,155.1
1.465774868,1.316789061,1.366443306,155.15
1.480005692,1.329450494,1.379582184,155.2
1.494236516,1.342111927,1.392721062,155.25
1.50846734,1.35477336,1.40585994,155.3
1.522698164,1.367434794,1.418998818,155.35
1.536928988,1.380096227,1.432137695,155.4
1.551159812,1.39275766,1.445276573,155.45
1.565390636,1.405419093,1.458415451,155.5
1.57962146,1.418080527,1.471554329,155.55
1.593852284,1.43074196,1.484693207,155.6
1.608083108,1.443403393,1.497832085,155.65
1.622313932,1.456064827,1.510970963,155.7
1.636544756,1.46872626,1.524109841,155.75
1.65077558,1.481387693,1.537248719,155.8
1.665006404,1.494049126,1.550387597,155.85
1.679237228,1.50671056,1.563526475,155.9
1.693468052,1.519371993,1.576665353,155.95
1.707698876,1.532033426,1.589804231,156
1.7219297,1.544694859,1.602943109,156.05
1.736160524,1.557356293,1.616081987,156.1
1.750391348,1.570017726,1.629220865,156.15
1.764622172,1.582679159,1.642359742,156.2
1.778852996,1.595340593,1.65549862,156.25
1.79308382,1.608002026,1.668637498,156.3
1.807314644,1.620663459,1.681776376,156.35
1.821545467,1.633324892,1.694915254,156.4
1.835776291,1.645986326,1.708054132,156.45
1.850007115,1.658647759,1.72119301,156.5
1.864237939,1.671309192,1.734331888,156.55
1.878468763,1.683970625,1.747470766,156.6
1.892699587,1.696632059,1.760609644,156.65
1.906930411,1.709293492,1.773748522,156.7
1.921161235,1.721954925,1.7868874,156.75
1.935392059,1.734616359,1.800026278,156.8
1.949622883,1.747277792,1.813165156,156.85
1.963853707,1.759939225,1.826304034,156.9
1.978084531,1.772600658,1.839442912,156.95
1.992315355,1.785262092,1.85258179,157
2.006546179,1.797923525,1.865720667,157.05
2.020777003,1.810584958,1.878859545,157.1
2.035007827,1.823246391,1.891998423,157.15
2.049238651,1.835907825,1.905137301,157.2
2.063469475,1.848569258,1.918276179,157.25
2.077700299,1.861230691,1.931415057,157.3
2.091931123,1.873892125,1.944553935,157.35
2.106161947,1.886553558,1.957692813,157.4
2.120392771,1.899214991,1.970831691,157.45
2.134623595,1.911876424,1.983970569,157.5
2.148854419,1.924537858,1.997109447,157.55
2.163085243,1.937199291,2.010248325,157.6
2.177316067,1.949860724,2.023387203,157.65
2.191546891,1.962522158,2.036526081,157.7
2.205777715,1.975183591,2.049664959,157.75
2.220008538,1.987845024,2.062803837,157.8
2.234239362,2.000506457,2.075942714,157.85
2.248470186,2.013167891,2.089081592,157.9
2.26270101,2.025829324,2.10222047,157.95
2.276931834,2.038490757,2.115359348,158
2.291162658,2.05115219,2.128498226,158.05
2.305393482,2.063813624,2.141637104,158.1
2.319624306,2.076475057,2.154775982,158.15
2.33385513,2.08913649,2.16791486,158.2
2.348085954,2.101797924,2.181053738,158.25
2.362316778,2.114459357,2.194192616,158.3
2.376547602,2.12712079,2.207331494,158.35
2.390778426,2.139782223,2.220470372,158.4
2.40500925,2.152443657,2.23360925,158.45
2.419240074,2.16510509,2.246748128,158.5
2.433470898,2.177766523,2.259887006,158.55
2.447701722,2.190427956,2.273025884,158.6
2.461932546,2.20308939,2.286164762,158.65
2.47616337,2.215750823,2.299303639,158.7
2.490394194,2.228412256,2.312442517,158.75
2.504625018,2.24107369,2.325581395,158.8
2.518855842,2.253735123,2.338720273,158.85
2.533086666,2.266396556,2.351859151,158.9
2.54731749,2.279057989,2.364998029,158.95
2.561548314,2.291719423,2.378136907,159
2.575779138,2.304380856,2.391275785,159.05
2.590009962,2.317042289,2.404414663,159.1
2.604240786,2.329703722,2.417553541,159.15
2.61847161,2.342365156,2.430692419,159.2
2.632702433,2.355026589,2.443831297,159.25
2.646933257,2.367688022,2.456970175,159.3
2.661164081,2.380349456,2.470109053,159.35
2.675394905,2.393010889,2.483247931,159.4
2.689625729,2.405672322,2.496386809,159.45
2.703856553,2.418333755,2.509525687,159.5
2.718087377,2.430995189,2.522664564,159.55
2.732318201,2.443656622,2.535803442,159.6
2.746549025,2.456318055,2.54894232,159.65
2.760779849,2.468979488,2.562081198,159.7
2.775010673,2.481640922,2.575220076,159.75
2.789241497,2.494302355,2.588358954,159.8
2.803472321,2.506963788,2.601497832,159.85
2.817703145,2.519625222,2.61463671,159.9
2.831933969,2.532286655,2.627775588,159.95
2.846164793,2.544948088,2.640914466,160
2.860395617,2.557609521,2.654053344,160.05
2.874626441,2.570270955,2.667192222,160.1
2.888857265,2.582932388,2.6803311,160.15
2.903088089,2.595593821,2.693469978,160.2
2.917318913,2.608255254,2.706608856,160.25
2.931549737,2.620916688,2.719747734,160.3
2.945780561,2.633578121,2.732886611,160.35
2.960011385,2.646239554,2.746025489,160.4
2.974242209,2.658900988,2.759164367,160.45
2.988473033,2.671562421,2.772303245,160.5
3.002703857,2.684223854,2.785442123,160.55
3.016934681,2.696885287,2.798581001,160.6
3.031165504,2.709546721,2.811719879,160.65
3.045396328,2.722208154,2.824858757,160.7
3.059627152,2.734869587,2.837997635,160.75
3.073857976,2.747531021,2.851136513,160.8
3.0880888,2.760192454,2.864275391,160.85
3.102319624,2.772853887,2.877414269,160.9
3.116550448,2.78551532,2.890553147,160.95
3.130781272,2.798176754,2.903692025,161
3.145012096,2.810838187,2.916830903,161.05
3.15924292,2.82349962,2.929969781,161.1
3.173473744,2.836161053,2.943108659,161.15
3.187704568,2.848822487,2.956247536,161.2
3.201935392,2.86148392,2.969386414,161.25
3.216166216,2.874145353,2.982525292,161.3
3.23039704,2.886806787,2.99566417,161.35
3.244627864,2.89946822,3.008803048,161.4
3.258858688,2.912129653,3.021941926,161.45
3.273089512,2.924791086,3.035080804,161.5
3.287320336,2.93745252,3.048219682,161.55
3.30155116,2.950113953,3.06135856,161.6
3.315781984,2.962775386,3.074497438,161.65
3.330012808,2.975436819,3.087636316,161.7
3.344243632,2.988098253,3.100775194,161.75
3.358474456,3.000759686,3.113914072,161.8
3.37270528,3.013421119,3.12705295,161.85
3.386936104,3.026082553,3.140191828,161.9
3.401166928,3.038743986,3.153330706,161.95
3.415397752,3.051405419,3.166469583,162
3.429628575,3.064066852,3.179608461,162.05
3.443859399,3.076728286,3.192747339,162.1
3.458090223,3.089389719,3.205886217,162.15
3.472321047,3.102051152,3.219025095,162.2
3.486551871,3.114712585,3.232163973,162.25
3.500782695,3.127374019,3.245302851,162.3
3.515013519,3.140035452,3.258441729,162.35
3.529244343,3.152696885,3.271580607,162.4
3.543475167,3.165358319,3.284719485,162.45
3.557705991,3.178019752,3.297858363,162.5
3.571936815,3.190681185,3.310997241,162.55
3.586167639,3.203342618,3.324136119,162.6
3.600398463,3.216004052,3.337274997,162.65
3.614629287,3.228665485,3.350413875,162.7
3.628860111,3.241326918,3.363552753,162.75
3.643090935,3.253988351,3.376691631,162.8
3.657321759,3.266649785,3.389830508,162.85
3.671552583,3.279311218,3.402969386,162.9
3.685783407,3.291972651,3.416108264,162.95
3.700014231,3.304634085,3.429247142,163
3.714245055,3.317295518,3.44238602,163.05
3.728475879,3.329956951,3.455524898,163.1
3.742706703,3.342618384,3.468663776,163.15
3.756937527,3.355279818,3.481802654,163.2
3.771168351,3.367941251,3.494941532,163.25
3.785399175,3.380602684,3.50808041,163.3
3.799629999,3.393264117,3.521219288,163.35
3.813860823,3.405925551,3.534358166,163.4
3.828091647,3.418586984,3.547497044,163.45
3.84232247,3.431248417,3.560635922,163.5
3.856553294,3.443909851,3.5737748,163.55
3.870784118,3.456571284,3.586913678,163.6
3.885014942,3.469232717,3.600052556,163.65
3.899245766,3.48189415,3.613191433,163.7
3.91347659,3.494555584,3.626330311,163.75
3.927707414,3.507217017,3.639469189,163.8
3.941938238,3.51987845,3.652608067,163.85
3.956169062,3.532539884,3.665746945,163.9
3.970399886,3.545201317,3.678885823,163.95
3.98463071,3.55786275,3.692024701,164
3.998861534,3.570524183,3.705163579,164.05
4.013092358,3.583185617,3.718302457,164.1
4.027323182,3.59584705,3.731441335,164.15
4.041554006,3.608508483,3.744580213,164.2
4.05578483,3.621169916,3.757719091,164.25
4.070015654,3.63383135,3.770857969,164.3
4.084246478,3.646492783,3.783996847,164.35
4.098477302,3.659154216,3.797135725,164.4
4.112708126,3.67181565,3.810274603,164.45
4.12693895,3.684477083,3.82341348,164.5
4.141169774,3.697138516,3.836552358,164.55
4.155400598,3.709799949,3.849691236,164.6
4.169631422,3.722461383,3.862830114,164.65
4.183862246,3.735122816,3.875968992,164.7
4.19809307,3.747784249,3.88910787,164.75
4.212323894,3.760445682,3.902246748,164.8
4.226554718,3.773107116,3.915385626,164.85
4.240785541,3.785768549,3.928524504,164.9
4.255016365,3.798429982,3.941663382,164.95
4.269247189,3.811091416,3.95480226,165
4.283478013,3.823752849,3.967941138,165.05
4.297708837,3.836414282,3.981080016,165.1
4.311939661,3.849075715,3.994218894,165.15
4.326170485,3.861737149,4.007357772,165.2
4.340401309,3.874398582,4.02049665,165.25
4.354632133,3.887060015,4.033635528,165.3
4.368862957,3.899721448,4.046774405,165.35
4.383093781,3.912382882,4.059913283,165.4
4.397324605,3.925044315,4.073052161,165.45
4.411555429,3.937705748,4.086191039,165.5
4.425786253,3.950367182,4.099329917,165.55
4.440017077,3.963028615,4.112468795,165.6
4.454247901,3.975690048,4.125607673,165.65
4.468478725,3.988351481,4.138746551,165.7
4.482709549,4.001012915,4.151885429,165.75
4.496940373,4.013674348,4.165024307,165.8
4.511171197,4.026335781,4.178163185,165.85
4.525402021,4.038997214,4.191302063,165.9
4.539632845,4.051658648,4.204440941,165.95
4.553863669,4.064320081,4.217579819,166
4.568094493,4.076981514,4.230718697,166.05
4.582325317,4.089642948,4.243857575,166.1
4.596556141,4.102304381,4.256996453,166.15
4.610786965,4.114965814,4.27013533,166.2
4.625017789,4.127627247,4.283274208,166.25
4.639248612,4.140288681,4.296413086,166.3
4.653479436,4.152950114,4.309551964,166.35
4.66771026,4.165611547,4.322690842,166.4
4.681941084,4.178272981,4.33582972,166.45
4.696171908,4.190934414,4.348968598,166.5
4.710402732,4.203595847,4.362107476,166.55
4.724633556,4.21625728,4.375246354,166.6
4.73886438,4.228918714,4.388385232,166.65
4.753095204,4.241580147,4.40152411,166.7
4.767326028,4.25424158,4.414662988,166.75
4.781556852,4.266903013,4.427801866,166.8
4.795787676,4.279564447,4.440940744,166.85
4.8100185,4.29222588,4.454079622,166.9
4.824249324,4.304887313,4.4672185,166.95
4.838480148,4.317548747,4.480357377,167
4.852710972,4.33021018,4.493496255,167.05
4.866941796,4.342871613,4.506635133,167.1
4.88117262,4.355533046,4.519774011,167.15
4.895403444,4.36819448,4.532912889,167.2
4.909634268,4.380855913,4.546051767,167.25
4.923865092,4.393517346,4.559190645,167.3
4.938095916,4.406178779,4.572329523,167.35
4.95232674,4.418840213,4.585468401,167.4
4.966557564,4.431501646,4.598607279,167.45
4.980788388,4.444163079,4.611746157,167.5
4.995019212,4.456824513,4.624885035,167.55
5.009250036,4.469485946,4.638023913,167.6
5.02348086,4.482147379,4.651162791,167.65
5.037711684,4.494808812,4.664301669,167.7
5.051942507,4.507470246,4.677440547,167.75
5.066173331,4.520131679,4.690579425,167.8
5.080404155,4.532793112,4.703718302,167.85
5.094634979,4.545454545,4.71685718,167.9
5.108865803,4.558115979,4.729996058,167.95
5.123096627,4.570777412,4.743134936,168
5.137327451,4.583438845,4.756273814,168.05
5.151558275,4.596100279,4.769412692,168.1
5.165789099,4.608761712,4.78255157,168.15
5.180019923,4.621423145,4.795690448,168.2
5.194250747,4.634084578,4.808829326,168.25
5.208481571,4.646746012,4.821968204,168.3
5.222712395,4.659407445,4.835107082,168.35
5.236943219,4.672068878,4.84824596,168.4
5.251174043,4.684730311,4.861384838,168.45
5.265404867,4.697391745,4.874523716,168.5
5.279635691,4.710053178,4.887662594,168.55
5.293866515,4.722714611,4.900801472,168.6
5.308097339,4.735376045,4.913940349,168.65
5.322328163,4.748037478,4.927079227,168.7
5.336558987,4.760698911,4.940218105,168.75
5.350789811,4.773360344,4.953356983,168.8
5.365020635,4.786021778,4.966495861,168.85
5.379251459,4.798683211,4.979634739,168.9
5.393482283,4.811344644,4.992773617,168.95
5.407713107,4.824006077,5.005912495,169
5.421943931,4.836667511,5.019051373,169.05
5.436174755,4.849328944,5.032190251,169.1
5.450405578,4.861990377,5.045329129,169.15
5.464636402,4.874651811,5.058468007,169.2
5.478867226,4.887313244,5.071606885,169.25
5.49309805,4.899974677,5.084745763,169.3
5.507328874,4.91263611,5.097884641,169.35
5.521559698,4.925297544,5.111023519,169.4
5.535790522,4.937958977,5.124162397,169.45
5.550021346,4.95062041,5.137301274,169.5
5.56425217,4.963281844,5.150440152,169.55
5.578482994,4.975943277,5.16357903,169.6
5.592713818,4.98860471,5.176717908,169.65
5.606944642,5.001266143,5.189856786,169.7
5.621175466,5.013927577,5.202995664,169.75
5.63540629,5.02658901,5.216134542,169.8
5.649637114,5.039250443,5.22927342,169.85
5.663867938,5.051911876,5.242412298,169.9
5.678098762,5.06457331,5.255551176,169.95
5.692329586,5.077234743,5.268690054,170
5.70656041,5.089896176,5.281828932,170.05
5.720791234,5.10255761,5.29496781,170.1
5.735022058,5.115219043,5.308106688,170.15
5.749252882,5.127880476,5.321245566,170.2
5.763483706,5.140541909,5.334384444,170.25
5.77771453,5.153203343,5.347523322,170.3
5.791945354,5.165864776,5.360662199,170.35
5.806176178,5.178526209,5.373801077,170.4
5.820407002,5.191187642,5.386939955,170.45
5.834637826,5.203849076,5.400078833,170.5
5.848868649,5.216510509,5.413217711,170.55
5.863099473,5.229171942,5.426356589,170.6
5.877330297,5.241833376,5.439495467,170.65
5.891561121,5.254494809,5.452634345,170.7
5.905791945,5.267156242,5.465773223,170.75
5.920022769,5.279817675,5.478912101,170.8
5.934253593,5.292479109,5.492050979,170.85
5.948484417,5.305140542,5.505189857,170.9
5.962715241,5.317801975,5.518328735,170.95
5.976946065,5.330463408,5.531467613,171
5.991176889,5.343124842,5.544606491,171.05
6.005407713,5.355786275,5.557745369,171.1
6.019638537,5.368447708,5.570884246,171.15
6.033869361,5.381109142,5.584023124,171.2
6.048100185,5.393770575,5.597162002,171.25
6.062331009,5.406432008,5.61030088,171.3
6.076561833,5.419093441,5.623439758,171.35
6.090792657,5.431754875,5.636578636,171.4
6.105023481,5.444416308,5.649717514,171.45
6.119254305,5.457077741,5.662856392,171.5
6.133485129,5.469739174,5.67599527,171.55
6.147715953,5.482400608,5.689134148,171.6
6.161946777,5.495062041,5.702273026,171.65
6.176177601,5.507723474,5.715411904,171.7
6.190408425,5.520384908,5.728550782,171.75
6.204639249,5.533046341,5.74168966,171.8
6.218870073,5.545707774,5.754828538,171.85
6.233100897,5.558369207,5.767967416,171.9
6.247331721,5.571030641,5.781106294,171.95
6.261562544,5.583692074,5.794245171,172
6.275793368,5.596353507,5.807384049,172.05
6.290024192,5.60901494,5.820522927,172.1
6.304255016,5.621676374,5.833661805,172.15
6.31848584,5.634337807,5.846800683,172.2
6.332716664,5.64699924,5.859939561,172.25
6.346947488,5.659660674,5.873078439,172.3
6.361178312,5.672322107,5.886217317,172.35
6.375409136,5.68498354,5.899356195,172.4
6.38963996,5.697644973,5.912495073,172.45
6.403870784,5.710306407,5.925633951,172.5
6.418101608,5.72296784,5.938772829,172.55
6.432332432,5.735629273,5.951911707,172.6
6.446563256,5.748290707,5.965050585,172.65
6.46079408,5.76095214,5.978189463,172.7
6.475024904,5.773613573,5.991328341,172.75
6.489255728,5.786275006,6.004467218,172.8
6.503486552,5.79893644,6.017606096,172.85
6.517717376,5.811597873,6.030744974,172.9
6.5319482,5.824259306,6.043883852,172.95
6.546179024,5.836920739,6.05702273,173
6.560409848,5.849582173,6.070161608,173.05
6.574640672,5.862243606,6.083300486,173.1
6.588871496,5.874905039,6.096439364,173.15
6.60310232,5.887566473,6.109578242,173.2
6.617333144,5.900227906,6.12271712,173.25
6.631563968,5.912889339,6.135855998,173.3
6.645794792,5.925550772,6.148994876,173.35
6.660025615,5.938212206,6.162133754,173.4
6.674256439,5.950873639,6.175272632,173.45
6.688487263,5.963535072,6.18841151,173.5
6.702718087,5.976196505,6.201550388,173.55
6.716948911,5.988857939,6.214689266,173.6
6.731179735,6.001519372,6.227828143,173.65
6.745410559,6.014180805,6.240967021,173.7
6.759641383,6.026842239,6.254105899,173.75
6.773872207,6.039503672,6.267244777,173.8
6.788103031,6.052165105,6.280383655,173.85
6.802333855,6.064826538,6.293522533,173.9
6.816564679,6.077487972,6.306661411,173.95
6.830795503,6.090149405,6.319800289,174
6.845026327,6.102810838,6.332939167,174.05
6.859257151,6.115472271,6.346078045,174.1
6.873487975,6.128133705,6.359216923,174.15
6.887718799,6.140795138,6.372355801,174.2
6.901949623,6.153456571,6.385494679,174.25
6.916180447,6.166118005,6.398633557,174.3
6.930411271,6.178779438,6.411772435,174.35
6.944642095,6.191440871,6.424911313,174.4
6.958872919,6.204102304,6.438050191,174.45
6.973103743,6.216763738,6.451189068,174.5
6.987334567,6.229425171,6.464327946,174.55
7.001565391,6.242086604,6.477466824,174.6
7.015796215,6.254748037,6.490605702,174.65
7.030027039,6.267409471,6.50374458,174.7
7.044257863,6.280070904,6.516883458,174.75
7.058488686,6.292732337,6.530022336,174.8
7.07271951,6.305393771,6.543161214,174.85
7.086950334,6.318055204,6.556300092,174.9
7.101181158,6.330716637,6.56943897,174.95
7.115411982,6.34337807,6.582577848,175
7.129642806,6.356039504,6.595716726,175.05
7.14387363,6.368700937,6.608855604,175.1
7.158104454,6.38136237,6.621994482,175.15
7.172335278,6.394023803,6.63513336,175.2
7.186566102,6.406685237,6.648272238,175.25
7.200796926,6.41934667,6.661411115,175.3
7.21502775,6.432008103,6.674549993,175.35
7.229258574,6.444669537,6.687688871,175.4
7.243489398,6.45733097,6.700827749,175.45
7.257720222,6.469992403,6.713966627,175.5
7.271951046,6.482653836,6.727105505,175.55
7.28618187,6.49531527,6.740244383,175.6
7.300412694,6.507976703,6.753383261,175.65
7.314643518,6.520638136,6.766522139,175.7
7.328874342,6.53329957,6.779661017,175.75
7.343105166,6.545961003,6.792799895,175.8
7.35733599,6.558622436,6.805938773,175.85
7.371566814,6.571283869,6.819077651,175.9
7.385797638,6.583945303,6.832216529,175.95
7.400028462,6.596606736,6.845355407,176
7.414259286,6.609268169,6.858494285,176.05
7.42849011,6.621929602,6.871633163,176.1
7.442720934,6.634591036,6.88477204,176.15
7.456951758,6.647252469,6.897910918,176.2
7.471182581,6.659913902,6.911049796,176.25
7.485413405,6.672575336,6.924188674,176.3
7.499644229,6.685236769,6.937327552,176.35
7.513875053,6.697898202,6.95046643,176.4
7.528105877,6.710559635,6.963605308,176.45
7.542336701,6.723221069,6.976744186,176.5
7.556567525,6.735882502,6.989883064,176.55
7.570798349,6.748543935,7.003021942,176.6
7.585029173,6.761205368,7.01616082,176.65
7.599259997,6.773866802,7.029299698,176.7
7.613490821,6.786528235,7.042438576,176.75
7.627721645,6.799189668,7.055577454,176.8
7.641952469,6.811851102,7.068716332,176.85
7.656183293,6.824512535,7.08185521,176.9
7.670414117,6.837173968,7.094994088,176.95
7.684644941,6.849835401,7.108132965,177
7.698875765,6.862496835,7.121271843,177.05
7.713106589,6.875158268,7.134410721,177.1
7.727337413,6.887819701,7.147549599,177.15
7.741568237,6.900481134,7.160688477,177.2
7.755799061,6.913142568,7.173827355,177.25
7.770029885,6.925804001,7.186966233,177.3
7.784260709,6.938465434,7.200105111,177.35
7.798491533,6.951126868,7.213243989,177.4
7.812722357,6.963788301,7.226382867,177.45
7.826953181,6.976449734,7.239521745,177.5
7.841184005,6.989111167,7.252660623,177.55
7.855414829,7.001772601,7.265799501,177.6
7.869645652,7.014434034,7.278938379,177.65
7.883876476,7.027095467,7.292077257,177.7
7.8981073,7.0397569,7.305216135,177.75
7.912338124,7.052418334,7.318355012,177.8
7.926568948,7.065079767,7.33149389,177.85
7.940799772,7.0777412,7.344632768,177.9
7.955030596,7.090402634,7.357771646,177.95
7.96926142,7.103064067,7.370910524,178
7.983492244,7.1157255,7.384049402,178.05
7.997723068,7.128386933,7.39718828,178.1
8.011953892,7.141048367,7.410327158,178.15
8.026184716,7.1537098,7.423466036,178.2
8.04041554,7.166371233,7.436604914,178.25
8.054646364,7.179032666,7.449743792,178.3
8.068877188,7.1916941,7.46288267,178.35
8.083108012,7.204355533,7.476021548,178.4
8.097338836,7.217016966,7.489160426,178.45
8.11156966,7.2296784,7.502299304,178.5
8.125800484,7.242339833,7.515438182,178.55
8.140031308,7.255001266,7.52857706,178.6
8.154262132,7.267662699,7.541715937,178.65
8.168492956,7.280324133,7.554854815,178.7
8.18272378,7.292985566,7.567993693,178.75
8.196954604,7.305646999,7.581132571,178.8
8.211185428,7.318308433,7.594271449,178.85
8.225416252,7.330969866,7.607410327,178.9
8.239647076,7.343631299,7.620549205,178.95
8.2538779,7.356292732,7.633688083,179
8.268108723,7.368954166,7.646826961,179.05
8.282339547,7.381615599,7.659965839,179.1
8.296570371,7.394277032,7.673104717,179.15
8.310801195,7.406938465,7.686243595,179.2
8.325032019,7.419599899,7.699382473,179.25
8.339262843,7.432261332,7.712521351,179.3
8.353493667,7.444922765,7.725660229,179.35
8.367724491,7.457584199,7.738799107,179.4
8.381955315,7.470245632,7.751937984,179.45
8.396186139,7.482907065,7.765076862,179.5
8.410416963,7.495568498,7.77821574,179.55
8.424647787,7.508229932,7.791354618,179.6
8.438878611,7.520891365,7.804493496,179.65
8.453109435,7.533552798,7.817632374,179.7
8.467340259,7.546214231,7.830771252,179.75
8.481571083,7.558875665,7.84391013,179.8
8.495801907,7.571537098,7.857049008,179.85
8.510032731,7.584198531,7.870187886,179.9
8.524263555,7.596859965,7.883326764,179.95
8.538494379,7.609521398,7.896465642,180
8.552725203,7.622182831,7.90960452,180.05
8.566956027,7.634844264,7.922743398,180.1
8.581186851,7.647505698,7.935882276,180.15
8.595417675,7.660167131,7.949021154,180.2
8.609648499,7.672828564,7.962160032,180.25
8.623879323,7.685489997,7.975298909,180.3
8.638110147,7.698151431,7.988437787,180.35
8.652340971,7.710812864,8.001576665,180.4
8.666571795,7.723474297,8.014715543,180.45
8.680802618,7.736135731,8.027854421,180.5
8.695033442,7.748797164,8.040993299,180.55
8.709264266,7.761458597,8.054132177,180.6
8.72349509,7.77412003,8.067271055,180.65
8.737725914,7.786781464,8.080409933,180.7
8.751956738,7.799442897,8.093548811,180.75
8.766187562,7.81210433,8.106687689,180.8
8.780418386,7.824765763,8.119826567,180.85
8.79464921,7.837427197,8.132965445,180.9
8.808880034,7.85008863,8.146104323,180.95
8.823110858,7.862750063,8.159243201,181
8.837341682,7.875411497,8.172382079,181.05
8.851572506,7.88807293,8.185520957,181.1
8.86580333,7.900734363,8.198659834,181.15
8.880034154,7.913395796,8.211798712,181.2
8.894264978,7.92605723,8.22493759,181.25
8.908495802,7.938718663,8.238076468,181.3
8.922726626,7.951380096,8.251215346,181.35
8.93695745,7.96404153,8.264354224,181.4
8.951188274,7.976702963,8.277493102,181.45
8.965419098,7.989364396,8.29063198,181.5
8.979649922,8.002025829,8.303770858,181.55
8.993880746,8.014687263,8.316909736,181.6
9.00811157,8.027348696,8.330048614,181.65
9.022342394,8.040010129,8.343187492,181.7
9.036573218,8.052671562,8.35632637,181.75
9.050804042,8.065332996,8.369465248,181.8
9.065034866,8.077994429,8.382604126,181.85
9.079265689,8.090655862,8.395743004,181.9
9.093496513,8.103317296,8.408881881,181.95
9.107727337,8.115978729,8.422020759,182
9.121958161,8.128640162,8.435159637,182.05
9.136188985,8.141301595,8.448298515,182.1
9.150419809,8.153963029,8.461437393,182.15
9.164650633,8.166624462,8.474576271,182.2
9.178881457,8.179285895,8.487715149,182.25
9.193112281,8.191947328,8.500854027,182.3
9.207343105,8.204608762,8.513992905,182.35
9.221573929,8.217270195,8.527131783,182.4
9.235804753,8.229931628,8.540270661,182.45
9.250035577,8.242593062,8.553409539,182.5
9.264266401,8.255254495,8.566548417,182.55
9.278497225,8.267915928,8.579687295,182.6
9.292728049,8.280577361,8.592826173,182.65
9.306958873,8.293238795,8.605965051,182.7
9.321189697,8.305900228,8.619103929,182.75
9.335420521,8.318561661,8.632242806,182.8
9.349651345,8.331223094,8.645381684,182.85
9.363882169,8.343884528,8.658520562,182.9
9.378112993,8.356545961,8.67165944,182.95
9.392343817,8.369207394,8.684798318,183
9.406574641,8.381868828,8.697937196,183.05
9.420805465,8.394530261,8.711076074,183.1
9.435036289,8.407191694,8.724214952,183.15
9.449267113,8.419853127,8.73735383,183.2
9.463497937,8.432514561,8.750492708,183.25
9.47772876,8.445175994,8.763631586,183.3
9.491959584,8.457837427,8.776770464,183.35
9.506190408,8.47049886,8.789909342,183.4
9.520421232,8.483160294,8.80304822,183.45
9.534652056,8.495821727,8.816187098,183.5
9.54888288,8.50848316,8.829325976,183.55
9.563113704,8.521144594,8.842464854,183.6
9.577344528,8.533806027,8.855603731,183.65
9.591575352,8.54646746,8.868742609,183.7
9.605806176,8.559128893,8.881881487,183.75
9.620037,8.571790327,8.895020365,183.8
9.634267824,8.58445176,8.908159243,183.85
9.648498648,8.597113193,8.921298121,183.9
9.662729472,8.609774626,8.934436999,183.95
9.676960296,8.62243606,8.947575877,184
9.69119112,8.635097493,8.960714755,184.05
9.705421944,8.647758926,8.973853633,184.1
9.719652768,8.66042036,8.986992511,184.15
9.733883592,8.673081793,9.000131389,184.2
9.748114416,8.685743226,9.013270267,184.25
9.76234524,8.698404659,9.026409145,184.3
9.776576064,8.711066093,9.039548023,184.35
9.790806888,8.723727526,9.052686901,184.4
9.805037712,8.736388959,9.065825778,184.45
9.819268536,8.749050393,9.078964656,184.5
9.83349936,8.761711826,9.092103534,184.55
9.847730184,8.774373259,9.105242412,184.6
9.861961008,8.787034692,9.11838129,184.65
9.876191832,8.799696126,9.131520168,184.7
9.890422655,8.812357559,9.144659046,184.75
9.904653479,8.825018992,9.157797924,184.8
9.918884303,8.837680425,9.170936802,184.85
9.933115127,8.850341859,9.18407568,184.9
9.947345951,8.863003292,9.197214558,184.95
9.961576775,8.875664725,9.210353436,185
9.975807599,8.888326159,9.223492314,185.05
9.990038423,8.900987592,9.236631192,185.1
10.00426925,8.913649025,9.24977007,185.15
10.01850007,8.926310458,9.262908948,185.2
10.0327309,8.938971892,9.276047826,185.25
10.04696172,8.951633325,9.289186703,185.3
10.06119254,8.964294758,9.302325581,185.35
10.07542337,8.976956191,9.315464459,185.4
10.08965419,8.989617625,9.328603337,185.45
10.10388501,9.002279058,9.341742215,185.5
10.11811584,9.014940491,9.354881093,185.55
10.13234666,9.027601925,9.368019971,185.6
10.14657749,9.040263358,9.381158849,185.65
10.16080831,9.052924791,9.394297727,185.7
10.17503913,9.065586224,9.407436605,185.75
10.18926996,9.078247658,9.420575483,185.8
10.20350078,9.090909091,9.433714361,185.85
10.21773161,9.103570524,9.446853239,185.9
10.23196243,9.116231957,9.459992117,185.95
10.24619325,9.128893391,9.473130995,186
10.26042408,9.141554824,9.486269873,186.05
10.2746549,9.154216257,9.49940875,186.1
10.28888573,9.166877691,9.512547628,186.15
10.30311655,9.179539124,9.525686506,186.2
10.31734737,9.192200557,9.538825384,186.25
10.3315782,9.20486199,9.551964262,186.3
10.34580902,9.217523424,9.56510314,186.35
10.36003985,9.230184857,9.578242018,186.4
10.37427067,9.24284629,9.591380896,186.45
10.38850149,9.255507723,9.604519774,186.5
10.40273232,9.268169157,9.617658652,186.55
10.41696314,9.28083059,9.63079753,186.6
10.43119397,9.293492023,9.643936408,186.65
10.44542479,9.306153457,9.657075286,186.7
10.45965561,9.31881489,9.670214164,186.75
10.47388644,9.331476323,9.683353042,186.8
10.48811726,9.344137756,9.69649192,186.85
10.50234809,9.35679919,9.709630798,186.9
10.51657891,9.369460623,9.722769675,186.95
10.53080973,9.382122056,9.735908553,187
10.54504056,9.394783489,9.749047431,187.05
10.55927138,9.407444923,9.762186309,187.1
10.57350221,9.420106356,9.775325187,187.15
10.58773303,9.432767789,9.788464065,187.2
10.60196385,9.445429223,9.801602943,187.25
10.61619468,9.458090656,9.814741821,187.3
10.6304255,9.470752089,9.827880699,187.35
10.64465633,9.483413522,9.841019577,187.4
10.65888715,9.496074956,9.854158455,187.45
10.67311797,9.508736389,9.867297333,187.5
10.6873488,9.521397822,9.880436211,187.55
10.70157962,9.534059256,9.893575089,187.6
10.71581045,9.546720689,9.906713967,187.65
10.73004127,9.559382122,9.919852845,187.7
10.74427209,9.572043555,9.932991723,187.75
10.75850292,9.584704989,9.9461306,187.8
10.77273374,9.597366422,9.959269478,187.85
10.78696457,9.610027855,9.972408356,187.9
10.80119539,9.622689288,9.985547234,187.95
10.81542621,9.635350722,9.998686112,188
10.82965704,9.648012155,10.01182499,188.05
10.84388786,9.660673588,10.02496387,188.1
10.85811869,9.673335022,10.03810275,188.15
10.87234951,9.685996455,10.05124162,188.2
10.88658033,9.698657888,10.0643805,188.25
10.90081116,9.711319321,10.07751938,188.3
10.91504198,9.723980755,10.09065826,188.35
10.9292728,9.736642188,10.10379714,188.4
10.94350363,9.749303621,10.11693601,188.45
10.95773445,9.761965054,10.13007489,188.5
10.97196528,9.774626488,10.14321377,188.55
10.9861961,9.787287921,10.15635265,188.6
11.00042692,9.799949354,10.16949153,188.65
11.01465775,9.812610788,10.1826304,188.7
11.02888857,9.825272221,10.19576928,188.75
11.0431194,9.837933654,10.20890816,188.8
11.05735022,9.850595087,10.22204704,188.85
11.07158104,9.863256521,10.23518592,188.9
11.08581187,9.875917954,10.24832479,188.95
11.10004269,9.888579387,10.26146367,189
11.11427352,9.90124082,10.27460255,189.05
11.12850434,9.913902254,10.28774143,189.1
11.14273516,9.926563687,10.3008803,189.15
11.15696599,9.93922512,10.31401918,189.2
11.17119681,9.951886554,10.32715806,189.25
11.18542764,9.964547987,10.34029694,189.3
11.19965846,9.97720942,10.35343582,189.35
11.21388928,9.989870853,10.36657469,189.4
11.22812011,10.00253229,10.37971357,189.45
11.24235093,10.01519372,10.39285245,189.5
11.25658176,10.02785515,10.40599133,189.55
11.27081258,10.04051659,10.41913021,189.6
11.2850434,10.05317802,10.43226908,189.65
11.29927423,10.06583945,10.44540796,189.7
11.31350505,10.07850089,10.45854684,189.75
11.32773588,10.09116232,10.47168572,189.8
11.3419667,10.10382375,10.4848246,189.85
11.35619752,10.11648519,10.49796347,189.9
11.37042835,10.12914662,10.51110235,189.95
11.38465917,10.14180805,10.52424123,190
11.39889,10.15446949,10.53738011,190.05
11.41312082,10.16713092,10.55051899,190.1
11.42735164,10.17979235,10.56365786,190.15
11.44158247,10.19245379,10.57679674,190.2
11.45581329,10.20511522,10.58993562,190.25
11.47004412,10.21777665,10.6030745,190.3
11.48427494,10.23043809,10.61621338,190.35
11.49850576,10.24309952,10.62935225,190.4
11.51273659,10.25576095,10.64249113,190.45
11.52696741,10.26842239,10.65563001,190.5
11.54119824,10.28108382,10.66876889,190.55
11.55542906,10.29374525,10.68190777,190.6
11.56965988,10.30640669,10.69504664,190.65
11.58389071,10.31906812,10.70818552,190.7
11.59812153,10.33172955,10.7213244,190.75
11.61235236,10.34439099,10.73446328,190.8
11.62658318,10.35705242,10.74760215,190.85
11.640814,10.36971385,10.76074103,190.9
11.65504483,10.38237528,10.77387991,190.95
11.66927565,10.39503672,10.78701879,191
11.68350648,10.40769815,10.80015767,191.05
11.6977373,10.42035958,10.81329654,191.1
11.71196812,10.43302102,10.82643542,191.15
11.72619895,10.44568245,10.8395743,191.2
11.74042977,10.45834388,10.85271318,191.25
11.75466059,10.47100532,10.86585206,191.3
11.76889142,10.48366675,10.87899093,191.35
11.78312224,10.49632818,10.89212981,191.4
11.79735307,10.50898962,10.90526869,191.45
11.81158389,10.52165105,10.91840757,191.5
11.82581471,10.53431248,10.93154645,191.55
11.84004554,10.54697392,10.94468532,191.6
11.85427636,10.55963535,10.9578242,191.65
11.86850719,10.57229678,10.97096308,191.7
11.88273801,10.58495822,10.98410196,191.75
11.89696883,10.59761965,10.99724084,191.8
11.91119966,10.61028108,11.01037971,191.85
11.92543048,10.62294252,11.02351859,191.9
11.93966131,10.63560395,11.03665747,191.95
11.95389213,10.64826538,11.04979635,192
11.96812295,10.66092682,11.06293523,192.05
11.98235378,10.67358825,11.0760741,192.1
11.9965846,10.68624968,11.08921298,192.15
12.01081543,10.69891112,11.10235186,192.2
12.02504625,10.71157255,11.11549074,192.25
12.03927707,10.72423398,11.12862962,192.3
12.0535079,10.73689542,11.14176849,192.35
12.06773872,10.74955685,11.15490737,192.4
12.08196955,10.76221828,11.16804625,192.45
12.09620037,10.77487972,11.18118513,192.5
12.11043119,10.78754115,11.194324,192.55
12.12466202,10.80020258,11.20746288,192.6
12.13889284,10.81286402,11.22060176,192.65
12.15312367,10.82552545,11.23374064,192.7
12.16735449,10.83818688,11.24687952,192.75
12.18158531,10.85084832,11.26001839,192.8
12.19581614,10.86350975,11.27315727,192.85
12.21004696,10.87617118,11.28629615,192.9
12.22427779,10.88883262,11.29943503,192.95
12.23850861,10.90149405,11.31257391,193
12.25273943,10.91415548,11.32571278,193.05
12.26697026,10.92681692,11.33885166,193.1
12.28120108,10.93947835,11.35199054,193.15
12.29543191,10.95213978,11.36512942,193.2
12.30966273,10.96480122,11.3782683,193.25
12.32389355,10.97746265,11.39140717,193.3
12.33812438,10.99012408,11.40454605,193.35
12.3523552,11.00278552,11.41768493,193.4
12.36658603,11.01544695,11.43082381,193.45
12.38081685,11.02810838,11.44396269,193.5
12.39504767,11.04076982,11.45710156,193.55
12.4092785,11.05343125,11.47024044,193.6
12.42350932,11.06609268,11.48337932,193.65
12.43774015,11.07875411,11.4965182,193.7
12.45197097,11.09141555,11.50965708,193.75
12.46620179,11.10407698,11.52279595,193.8
12.48043262,11.11673841,11.53593483,193.85
12.49466344,11.12939985,11.54907371,193.9
12.50889426,11.14206128,11.56221259,193.95
12.52312509,11.15472271,11.57535146,194
12.53735591,11.16738415,11.58849034,194.05
12.55158674,11.18004558,11.60162922,194.1
12.56581756,11.19270701,11.6147681,194.15
12.58004838,11.20536845,11.62790698,194.2
12.59427921,11.21802988,11.64104585,194.25
12.60851003,11.23069131,11.65418473,194.3
12.62274086,11.24335275,11.66732361,194.35
12.63697168,11.25601418,11.68046249,194.4
12.6512025,11.26867561,11.69360137,194.45
12.66543333,11.28133705,11.70674024,194.5
12.67966415,11.29399848,11.71987912,194.55
12.69389498,11.30665991,11.733018,194.6
12.7081258,11.31932135,11.74615688,194.65
12.72235662,11.33198278,11.75929576,194.7
12.73658745,11.34464421,11.77243463,194.75
12.75081827,11.35730565,11.78557351,194.8
12.7650491,11.36996708,11.79871239,194.85
12.77927992,11.38262851,11.81185127,194.9
12.79351074,11.39528995,11.82499015,194.95
12.80774157,11.40795138,11.83812902,195
12.82197239,11.42061281,11.8512679,195.05
12.83620322,11.43327425,11.86440678,195.1
12.85043404,11.44593568,11.87754566,195.15
12.86466486,11.45859711,11.89068454,195.2
12.87889569,11.47125855,11.90382341,195.25
12.89312651,11.48391998,11.91696229,195.3
12.90735734,11.49658141,11.93010117,195.35
12.92158816,11.50924285,11.94324005,195.4
12.93581898,11.52190428,11.95637893,195.45
12.95004981,11.53456571,11.9695178,195.5
12.96428063,11.54722715,11.98265668,195.55
12.97851146,11.55988858,11.99579556,195.6
12.99274228,11.57255001,12.00893444,195.65
13.0069731,11.58521145,12.02207331,195.7
13.02120393,11.59787288,12.03521219,195.75
13.03543475,11.61053431,12.04835107,195.8
13.04966558,11.62319575,12.06148995,195.85
13.0638964,11.63585718,12.07462883,195.9
13.07812722,11.64851861,12.0877677,195.95
13.09235805,11.66118005,12.10090658,196
13.10658887,11.67384148,12.11404546,196.05
13.1208197,11.68650291,12.12718434,196.1
13.13505052,11.69916435,12.14032322,196.15
13.14928134,11.71182578,12.15346209,196.2
13.16351217,11.72448721,12.16660097,196.25
13.17774299,11.73714865,12.17973985,196.3
13.19197382,11.74981008,12.19287873,196.35
13.20620464,11.76247151,12.20601761,196.4
13.22043546,11.77513295,12.21915648,196.45
13.23466629,11.78779438,12.23229536,196.5
13.24889711,11.80045581,12.24543424,196.55
13.26312794,11.81311724,12.25857312,196.6
13.27735876,11.82577868,12.271712,196.65
13.29158958,11.83844011,12.28485087,196.7
13.30582041,11.85110154,12.29798975,196.75
13.32005123,11.86376298,12.31112863,196.8
13.33428205,11.87642441,12.32426751,196.85
13.34851288,11.88908584,12.33740639,196.9
13.3627437,11.90174728,12.35054526,196.95
13.37697453,11.91440871,12.36368414,197
13.39120535,11.92707014,12.37682302,197.05
13.40543617,11.93973158,12.3899619,197.1
13.419667,11.95239301,12.40310078,197.15
13.43389782,11.96505444,12.41623965,197.2
13.44812865,11.97771588,12.42937853,197.25
13.46235947,11.99037731,12.44251741,197.3
13.47659029,12.00303874,12.45565629,197.35
13.49082112,12.01570018,12.46879516,197.4
13.50505194,12.02836161,12.48193404,197.45
13.51928277,12.04102304,12.49507292,197.5
13.53351359,12.05368448,12.5082118,197.55
13.54774441,12.06634591,12.52135068,197.6
13.56197524,12.07900734,12.53448955,197.65
13.57620606,12.09166878,12.54762843,197.7
13.59043689,12.10433021,12.56076731,197.75
13.60466771,12.11699164,12.57390619,197.8
13.61889853,12.12965308,12.58704507,197.85
13.63312936,12.14231451,12.60018394,197.9
13.64736018,12.15497594,12.61332282,197.95
13.66159101,12.16763738,12.6264617,198
13.67582183,12.18029881,12.63960058,198.05
13.69005265,12.19296024,12.65273946,198.1
13.70428348,12.20562168,12.66587833,198.15
13.7185143,12.21828311,12.67901721,198.2
13.73274513,12.23094454,12.69215609,198.25
13.74697595,12.24360598,12.70529497,198.3
13.76120677,12.25626741,12.71843385,198.35
13.7754376,12.26892884,12.73157272,198.4
13.78966842,12.28159028,12.7447116,198.45
13.80389925,12.29425171,12.75785048,198.5
13.81813007,12.30691314,12.77098936,198.55
13.83236089,12.31957458,12.78412824,198.6
13.84659172,12.33223601,12.79726711,198.65
13.86082254,12.34489744,12.81040599,198.7
13.87505337,12.35755888,12.82354487,198.75
13.88928419,12.37022031,12.83668375,198.8
13.90351501,12.38288174,12.84982263,198.85
13.91774584,12.39554318,12.8629615,198.9
13.93197666,12.40820461,12.87610038,198.95
13.94620749,12.42086604,12.88923926,199
13.96043831,12.43352748,12.90237814,199.05
13.97466913,12.44618891,12.91551701,199.1
13.98889996,12.45885034,12.92865589,199.15
14.00313078,12.47151178,12.94179477,199.2
14.01736161,12.48417321,12.95493365,199.25
14.03159243,12.49683464,12.96807253,199.3
14.04582325,12.50949607,12.9812114,199.35
14.06005408,12.52215751,12.99435028,199.4
14.0742849,12.53481894,13.00748916,199.45
14.08851573,12.54748037,13.02062804,199.5
14.10274655,12.56014181,13.03376692,199.55
14.11697737,12.57280324,13.04690579,199.6
14.1312082,12.58546467,13.06004467,199.65
14.14543902,12.59812611,13.07318355,199.7
14.15966984,12.61078754,13.08632243,199.75
14.17390067,12.62344897,13.09946131,199.8
14.18813149,12.63611041,13.11260018,199.85
14.20236232,12.64877184,13.12573906,199.9
14.21659314,12.66143327,13.13887794,199.95
14.23082396,12.67409471,13.15201682,200
14.24505479,12.68675614,13.1651557,200.05
14.25928561,12.69941757,13.17829457,200.1
14.27351644,12.71207901,13.19143345,200.15
14.28774726,12.72474044,13.20457233,200.2
14.30197808,12.73740187,13.21771121,200.25
14.31620891,12.75006331,13.23085009,200.3
14.33043973,12.76272474,13.24398896,200.35
14.34467056,12.77538617,13.25712784,200.4
14.35890138,12.78804761,13.27026672,200.45
14.3731322,12.80070904,13.2834056,200.5
14.38736303,12.81337047,13.29654448,200.55
14.40159385,12.82603191,13.30968335,200.6
14.41582468,12.83869334,13.32282223,200.65
14.4300555,12.85135477,13.33596111,200.7
14.44428632,12.86401621,13.34909999,200.75
14.45851715,12.87667764,13.36223886,200.8
14.47274797,12.88933907,13.37537774,200.85
14.4869788,12.90200051,13.38851662,200.9
14.50120962,12.91466194,13.4016555,200.95
14.51544044,12.92732337,13.41479438,201
14.52967127,12.93998481,13.42793325,201.05
14.54390209,12.95264624,13.44107213,201.1
14.55813292,12.96530767,13.45421101,201.15
14.57236374,12.97796911,13.46734989,201.2
14.58659456,12.99063054,13.48048877,201.25
14.60082539,13.00329197,13.49362764,201.3
14.61505621,13.01595341,13.50676652,201.35
14.62928704,13.02861484,13.5199054,201.4
14.64351786,13.04127627,13.53304428,201.45
14.65774868,13.05393771,13.54618316,201.5
14.67197951,13.06659914,13.55932203,201.55
14.68621033,13.07926057,13.57246091,201.6
14.70044116,13.09192201,13.58559979,201.65
14.71467198,13.10458344,13.59873867,201.7
14.7289028,13.11724487,13.61187755,201.75
14.74313363,13.12990631,13.62501642,201.8
14.75736445,13.14256774,13.6381553,201.85
14.77159528,13.15522917,13.65129418,201.9
14.7858261,13.16789061,13.66443306,201.95
14.80005692,13.18055204,13.67757194,202
14.81428775,13.19321347,13.69071081,202.05
14.82851857,13.20587491,13.70384969,202.1
14.8427494,13.21853634,13.71698857,202.15
14.85698022,13.23119777,13.73012745,202.2
14.87121104,13.2438592,13.74326633,202.25
14.88544187,13.25652064,13.7564052,202.3
14.89967269,13.26918207,13.76954408,202.35
14.91390352,13.2818435,13.78268296,202.4
14.92813434,13.29450494,13.79582184,202.45
14.94236516,13.30716637,13.80896071,202.5
14.95659599,13.3198278,13.82209959,202.55
14.97082681,13.33248924,13.83523847,202.6
14.98505763,13.34515067,13.84837735,202.65
14.99928846,13.3578121,13.86151623,202.7
15.01351928,13.37047354,13.8746551,202.75
15.02775011,13.38313497,13.88779398,202.8
15.04198093,13.3957964,13.90093286,202.85
15.05621175,13.40845784,13.91407174,202.9
15.07044258,13.42111927,13.92721062,202.95
15.0846734,13.4337807,13.94034949,203
15.09890423,13.44644214,13.95348837,203.05
15.11313505,13.45910357,13.96662725,203.1
15.12736587,13.471765,13.97976613,203.15
15.1415967,13.48442644,13.99290501,203.2
15.15582752,13.49708787,14.00604388,203.25
15.17005835,13.5097493,14.01918276,203.3
15.18428917,13.52241074,14.03232164,203.35
15.19851999,13.53507217,14.04546052,203.4
15.21275082,13.5477336,14.0585994,203.45
15.22698164,13.56039504,14.07173827,203.5
15.24121247,13.57305647,14.08487715,203.55
15.25544329,13.5857179,14.09801603,203.6
15.26967411,13.59837934,14.11115491,203.65
15.28390494,13.61104077,14.12429379,203.7
15.29813576,13.6237022,14.13743266,203.75
15.31236659,13.63636364,14.15057154,203.8
15.32659741,13.64902507,14.16371042,203.85
15.34082823,13.6616865,14.1768493,203.9
15.35505906,13.67434794,14.18998818,203.95
15.36928988,13.68700937,14.20312705,204
15.38352071,13.6996708,14.21626593,204.05
15.39775153,13.71233224,14.22940481,204.1
15.41198235,13.72499367,14.24254369,204.15
15.42621318,13.7376551,14.25568256,204.2
15.440444,13.75031654,14.26882144,204.25
15.45467483,13.76297797,14.28196032,204.3
15.46890565,13.7756394,14.2950992,204.35
15.48313647,13.78830084,14.30823808,204.4
15.4973673,13.80096227,14.32137695,204.45
15.51159812,13.8136237,14.33451583,204.5
15.52582895,13.82628514,14.34765471,204.55
15.54005977,13.83894657,14.36079359,204.6
15.55429059,13.851608,14.37393247,204.65
15.56852142,13.86426944,14.38707134,204.7
15.58275224,13.87693087,14.40021022,204.75
15.59698307,13.8895923,14.4133491,204.8
15.61121389,13.90225374,14.42648798,204.85
15.62544471,13.91491517,14.43962686,204.9
15.63967554,13.9275766,14.45276573,204.95
15.65390636,13.94023803,14.46590461,205
15.66813719,13.95289947,14.47904349,205.05
15.68236801,13.9655609,14.49218237,205.1
15.69659883,13.97822233,14.50532125,205.15
15.71082966,13.99088377,14.51846012,205.2
15.72506048,14.0035452,14.531599,205.25
15.7392913,14.01620663,14.54473788,205.3
15.75352213,14.02886807,14.55787676,205.35
15.76775295,14.0415295,14.57101564,205.4
15.78198378,14.05419093,14.58415451,205.45
15.7962146,14.06685237,14.59729339,205.5
15.81044542,14.0795138,14.61043227,205.55
15.82467625,14.09217523,14.62357115,205.6
15.83890707,14.10483667,14.63671002,205.65
15.8531379,14.1174981,14.6498489,205.7
15.86736872,14.13015953,14.66298778,205.75
15.88159954,14.14282097,14.67612666,205.8
15.89583037,14.1554824,14.68926554,205.85
15.91006119,14.16814383,14.70240441,205.9
15.92429202,14.18080527,14.71554329,205.95
15.93852284,14.1934667,14.72868217,206
15.95275366,14.20612813,14.74182105,206.05
15.96698449,14.21878957,14.75495993,206.1
15.98121531,14.231451,14.7680988,206.15
15.99544614,14.24411243,14.78123768,206.2
16.00967696,14.25677387,14.79437656,206.25
16.02390778,14.2694353,14.80751544,206.3
16.03813861,14.28209673,14.82065432,206.35
16.05236943,14.29475817,14.83379319,206.4
16.06660026,14.3074196,14.84693207,206.45
16.08083108,14.32008103,14.86007095,206.5
16.0950619,14.33274247,14.87320983,206.55
16.10929273,14.3454039,14.88634871,206.6
16.12352355,14.35806533,14.89948758,206.65
16.13775438,14.37072677,14.91262646,206.7
16.1519852,14.3833882,14.92576534,206.75
16.16621602,14.39604963,14.93890422,206.8
16.18044685,14.40871107,14.9520431,206.85
16.19467767,14.4213725,14.96518197,206.9
16.2089085,14.43403393,14.97832085,206.95
16.22313932,14.44669537,14.99145973,207
16.23737014,14.4593568,15.00459861,207.05
16.25160097,14.47201823,15.01773749,207.1
16.26583179,14.48467967,15.03087636,207.15
16.28006262,14.4973411,15.04401524,207.2
16.29429344,14.51000253,15.05715412,207.25
16.30852426,14.52266397,15.070293,207.3
16.32275509,14.5353254,15.08343187,207.35
16.33698591,14.54798683,15.09657075,207.4
16.35121674,14.56064827,15.10970963,207.45
16.36544756,14.5733097,15.12284851,207.5
16.37967838,14.58597113,15.13598739,207.55
16.39390921,14.59863257,15.14912626,207.6
16.40814003,14.611294,15.16226514,207.65
16.42237086,14.62395543,15.17540402,207.7
16.43660168,14.63661687,15.1885429,207.75
16.4508325,14.6492783,15.20168178,207.8
16.46506333,14.66193973,15.21482065,207.85
16.47929415,14.67460116,15.22795953,207.9
16.49352498,14.6872626,15.24109841,207.95
16.5077558,14.69992403,15.25423729,208
16.52198662,14.71258546,15.26737617,208.05
16.53621745,14.7252469,15.28051504,208.1
16.55044827,14.73790833,15.29365392,208.15
16.56467909,14.75056976,15.3067928,208.2
16.57890992,14.7632312,15.31993168,208.25
16.59314074,14.77589263,15.33307056,208.3
16.60737157,14.78855406,15.34620943,208.35
16.62160239,14.8012155,15.35934831,208.4
16.63583321,14.81387693,15.37248719,208.45
16.65006404,14.82653836,15.38562607,208.5
16.66429486,14.8391998,15.39876495,208.55
16.67852569,14.85186123,15.41190382,208.6
16.69275651,14.86452266,15.4250427,208.65
16.70698733,14.8771841,15.43818158,208.7
16.72121816,14.88984553,15.45132046,208.75
16.73544898,14.90250696,15.46445934,208.8
16.74967981,14.9151684,15.47759821,208.85
16.76391063,14.92782983,15.49073709,208.9
16.77814145,14.94049126,15.50387597,208.95
16.79237228,14.9531527,15.51701485,209
16.8066031,14.96581413,15.53015372,209.05
16.82083393,14.97847556,15.5432926,209.1
16.83506475,14.991137,15.55643148,209.15
16.84929557,15.00379843,15.56957036,209.2
16.8635264,15.01645986,15.58270924,209.25
16.87775722,15.0291213,15.59584811,209.3
16.89198805,15.04178273,15.60898699,209.35
16.90621887,15.05444416,15.62212587,209.4
16.92044969,15.0671056,15.63526475,209.45
16.93468052,15.07976703,15.64840363,209.5
16.94891134,15.09242846,15.6615425,209.55
16.96314217,15.1050899,15.67468138,209.6
16.97737299,15.11775133,15.68782026,209.65
16.99160381,15.13041276,15.70095914,209.7
17.00583464,15.1430742,15.71409802,209.75
17.02006546,15.15573563,15.72723689,209.8
17.03429629,15.16839706,15.74037577,209.85
17.04852711,15.1810585,15.75351465,209.9
17.06275793,15.19371993,15.76665353,209.95
17.07698876,15.20638136,15.77979241,210
17.09121958,15.2190428,15.79293128,210.05
17.10545041,15.23170423,15.80607016,210.1
17.11968123,15.24436566,15.81920904,210.15
17.13391205,15.2570271,15.83234792,210.2
17.14814288,15.26968853,15.8454868,210.25
17.1623737,15.28234996,15.85862567,210.3
17.17660453,15.2950114,15.87176455,210.35
17.19083535,15.30767283,15.88490343,210.4
17.20506617,15.32033426,15.89804231,210.45
17.219297,15.3329957,15.91118119,210.5
17.23352782,15.34565713,15.92432006,210.55
17.24775865,15.35831856,15.93745894,210.6
17.26198947,15.37097999,15.95059782,210.65
17.27622029,15.38364143,15.9637367,210.7
17.29045112,15.39630286,15.97687557,210.75
17.30468194,15.40896429,15.99001445,210.8
17.31891277,15.42162573,16.00315333,210.85
17.33314359,15.43428716,16.01629221,210.9
17.34737441,15.44694859,16.02943109,210.95
17.36160524,15.45961003,16.04256996,211
17.37583606,15.47227146,16.05570884,211.05
17.39006688,15.48493289,16.06884772,211.1
17.40429771,15.49759433,16.0819866,211.15
17.41852853,15.51025576,16.09512548,211.2
17.43275936,15.52291719,16.10826435,211.25
17.44699018,15.53557863,16.12140323,211.3
17.461221,15.54824006,16.13454211,211.35
17.47545183,15.56090149,16.14768099,211.4
17.48968265,15.57356293,16.16081987,211.45
17.50391348,15.58622436,16.17395874,211.5
17.5181443,15.59888579,16.18709762,211.55
17.53237512,15.61154723,16.2002365,211.6
17.54660595,15.62420866,16.21337538,211.65
17.56083677,15.63687009,16.22651426,211.7
17.5750676,15.64953153,16.23965313,211.75
17.58929842,15.66219296,16.25279201,211.8
17.60352924,15.67485439,16.26593089,211.85
17.61776007,15.68751583,16.27906977,211.9
17.63199089,15.70017726,16.29220865,211.95
17.64622172,15.71283869,16.30534752,212
17.66045254,15.72550013,16.3184864,212.05
17.67468336,15.73816156,16.33162528,212.1
17.68891419,15.75082299,16.34476416,212.15
17.70314501,15.76348443,16.35790304,212.2
17.71737584,15.77614586,16.37104191,212.25
17.73160666,15.78880729,16.38418079,212.3
17.74583748,15.80146873,16.39731967,212.35
17.76006831,15.81413016,16.41045855,212.4
17.77429913,15.82679159,16.42359742,212.45
17.78852996,15.83945303,16.4367363,212.5
17.80276078,15.85211446,16.44987518,212.55
17.8169916,15.86477589,16.46301406,212.6
17.83122243,15.87743733,16.47615294,212.65
17.84545325,15.89009876,16.48929181,212.7
17.85968408,15.90276019,16.50243069,212.75
17.8739149,15.91542163,16.51556957,212.8
17.88814572,15.92808306,16.52870845,212.85
17.90237655,15.94074449,16.54184733,212.9
17.91660737,15.95340593,16.5549862,212.95
17.9308382,15.96606736,16.56812508,213
17.94506902,15.97872879,16.58126396,213.05
17.95929984,15.99139023,16.59440284,213.1
17.97353067,16.00405166,16.60754172,213.15
17.98776149,16.01671309,16.62068059,213.2
18.00199232,16.02937453,16.63381947,213.25
18.01622314,16.04203596,16.64695835,213.3
18.03045396,16.05469739,16.66009723,213.35
18.04468479,16.06735883,16.67323611,213.4
18.05891561,16.08002026,16.68637498,213.45
18.07314644,16.09268169,16.69951386,213.5
18.08737726,16.10534312,16.71265274,213.55
18.10160808,16.11800456,16.72579162,213.6
18.11583891,16.13066599,16.7389305,213.65
18.13006973,16.14332742,16.75206937,213.7
18.14430056,16.15598886,16.76520825,213.75
18.15853138,16.16865029,16.77834713,213.8
18.1727622,16.18131172,16.79148601,213.85
18.18699303,16.19397316,16.80462489,213.9
18.20122385,16.20663459,16.81776376,213.95
18.21545467,16.21929602,16.83090264,214
18.2296855,16.23195746,16.84404152,214.05
18.24391632,16.24461889,16.8571804,214.1
18.25814715,16.25728032,16.87031927,214.15
18.27237797,16.26994176,16.88345815,214.2
18.28660879,16.28260319,16.89659703,214.25
18.30083962,16.29526462,16.90973591,214.3
18.31507044,16.30792606,16.92287479,214.35
18.32930127,16.32058749,16.93601366,214.4
18.34353209,16.33324892,16.94915254,214.45
18.35776291,16.34591036,16.96229142,214.5
18.37199374,16.35857179,16.9754303,214.55
18.38622456,16.37123322,16.98856918,214.6
18.40045539,16.38389466,17.00170805,214.65
18.41468621,16.39655609,17.01484693,214.7
18.42891703,16.40921752,17.02798581,214.75
18.44314786,16.42187896,17.04112469,214.8
18.45737868,16.43454039,17.05426357,214.85
18.47160951,16.44720182,17.06740244,214.9
18.48584033,16.45986326,17.08054132,214.95
18.50007115,16.47252469,17.0936802,215
18.51430198,16.48518612,17.10681908,215.05
18.5285328,16.49784756,17.11995796,215.1
18.54276363,16.51050899,17.13309683,215.15
18.55699445,16.52317042,17.14623571,215.2
18.57122527,16.53583186,17.15937459,215.25
18.5854561,16.54849329,17.17251347,215.3
18.59968692,16.56115472,17.18565235,215.35
18.61391775,16.57381616,17.19879122,215.4
18.62814857,16.58647759,17.2119301,215.45
18.64237939,16.59913902,17.22506898,215.5
18.65661022,16.61180046,17.23820786,215.55
18.67084104,16.62446189,17.25134673,215.6
18.68507187,16.63712332,17.26448561,215.65
18.69930269,16.64978476,17.27762449,215.7
18.71353351,16.66244619,17.29076337,215.75
18.72776434,16.67510762,17.30390225,215.8
18.74199516,16.68776906,17.31704112,215.85
18.75622599,16.70043049,17.33018,215.9
18.77045681,16.71309192,17.34331888,215.95
18.78468763,16.72575336,17.35645776,216
18.79891846,16.73841479,17.36959664,216.05
18.81314928,16.75107622,17.38273551,216.1
18.82738011,16.76373766,17.39587439,216.15
18.84161093,16.77639909,17.40901327,216.2
18.85584175,16.78906052,17.42215215,216.25
18.87007258,16.80172195,17.43529103,216.3
18.8843034,16.81438339,17.4484299,216.35
18.89853423,16.82704482,17.46156878,216.4
18.91276505,16.83970625,17.47470766,216.45
18.92699587,16.85236769,17.48784654,216.5
18.9412267,16.86502912,17.50098542,216.55
18.95545752,16.87769055,17.51412429,216.6
18.96968834,16.89035199,17.52726317,216.65
18.98391917,16.90301342,17.54040205,216.7
18.99814999,16.91567485,17.55354093,216.75
19.01238082,16.92833629,17.56667981,216.8
19.02661164,16.94099772,17.57981868,216.85
19.04084246,16.95365915,17.59295756,216.9
19.05507329,16.96632059,17.60609644,216.95
19.06930411,16.97898202,17.61923532,217
19.08353494,16.99164345,17.6323742,217.05
19.09776576,17.00430489,17.64551307,217.1
19.11199658,17.01696632,17.65865195,217.15
19.12622741,17.02962775,17.67179083,217.2
19.14045823,17.04228919,17.68492971,217.25
19.15468906,17.05495062,17.69806858,217.3
19.16891988,17.06761205,17.71120746,217.35
19.1831507,17.08027349,17.72434634,217.4
19.19738153,17.09293492,17.73748522,217.45
19.21161235,17.10559635,17.7506241,217.5
19.22584318,17.11825779,17.76376297,217.55
19.240074,17.13091922,17.77690185,217.6
19.25430482,17.14358065,17.79004073,217.65
19.26853565,17.15624209,17.80317961,217.7
19.28276647,17.16890352,17.81631849,217.75
19.2969973,17.18156495,17.82945736,217.8
19.31122812,17.19422639,17.84259624,217.85
19.32545894,17.20688782,17.85573512,217.9
19.33968977,17.21954925,17.868874,217.95
19.35392059,17.23221069,17.88201288,218
19.36815142,17.24487212,17.89515175,218.05
19.38238224,17.25753355,17.90829063,218.1
19.39661306,17.27019499,17.92142951,218.15
19.41084389,17.28285642,17.93456839,218.2
19.42507471,17.29551785,17.94770727,218.25
19.43930554,17.30817929,17.96084614,218.3
19.45353636,17.32084072,17.97398502,218.35
19.46776718,17.33350215,17.9871239,218.4
19.48199801,17.34616359,18.00026278,218.45
19.49622883,17.35882502,18.01340166,218.5
19.51045966,17.37148645,18.02654053,218.55
19.52469048,17.38414789,18.03967941,218.6
19.5389213,17.39680932,18.05281829,218.65
19.55315213,17.40947075,18.06595717,218.7
19.56738295,17.42213219,18.07909605,218.75
19.58161378,17.43479362,18.09223492,218.8
19.5958446,17.44745505,18.1053738,218.85
19.61007542,17.46011649,18.11851268,218.9
19.62430625,17.47277792,18.13165156,218.95
19.63853707,17.48543935,18.14479043,219
19.6527679,17.49810079,18.15792931,219.05
19.66699872,17.51076222,18.17106819,219.1
19.68122954,17.52342365,18.18420707,219.15
19.69546037,17.53608508,18.19734595,219.2
19.70969119,17.54874652,18.21048482,219.25
19.72392202,17.56140795,18.2236237,219.3
19.73815284,17.57406938,18.23676258,219.35
19.75238366,17.58673082,18.24990146,219.4
19.76661449,17.59939225,18.26304034,219.45
19.78084531,17.61205368,18.27617921,219.5
19.79507613,17.62471512,18.28931809,219.55
19.80930696,17.63737655,18.30245697,219.6
19.82353778,17.65003798,18.31559585,219.65
19.83776861,17.66269942,18.32873473,219.7
19.85199943,17.67536085,18.3418736,219.75
19.86623025,17.68802228,18.35501248,219.8
19.88046108,17.70068372,18.36815136,219.85
19.8946919,17.71334515,18.38129024,219.9
19.90892273,17.72600658,18.39442912,219.95
19.92315355,17.73866802,18.40756799,220
19.93738437,17.75132945,18.42070687,220.05
19.9516152,17.76399088,18.43384575,220.1
19.96584602,17.77665232,18.44698463,220.15
19.98007685,17.78931375,18.46012351,220.2
19.99430767,17.80197518,18.47326238,220.25
20.00853849,17.81463662,18.48640126,220.3
20.02276932,17.82729805,18.49954014,220.35
20.03700014,17.83995948,18.51267902,220.4
20.05123097,17.85262092,18.5258179,220.45
20.06546179,17.86528235,18.53895677,220.5
20.07969261,17.87794378,18.55209565,220.55
20.09392344,17.89060522,18.56523453,220.6
20.10815426,17.90326665,18.57837341,220.65
20.12238509,17.91592808,18.59151228,220.7
20.13661591,17.92858952,18.60465116,220.75
20.15084673,17.94125095,18.61779004,220.8
20.16507756,17.95391238,18.63092892,220.85
20.17930838,17.96657382,18.6440678,220.9
20.19353921,17.97923525,18.65720667,220.95
20.20777003,17.99189668,18.67034555,221
20.22200085,18.00455812,18.68348443,221.05
20.23623168,18.01721955,18.69662331,221.1
20.2504625,18.02988098,18.70976219,221.15
20.26469333,18.04254242,18.72290106,221.2
20.27892415,18.05520385,18.73603994,221.25
20.29315497,18.06786528,18.74917882,221.3
20.3073858,18.08052672,18.7623177,221.35
20.32161662,18.09318815,18.77545658,221.4
20.33584745,18.10584958,18.78859545,221.45
20.35007827,18.11851102,18.80173433,221.5
20.36430909,18.13117245,18.81487321,221.55
20.37853992,18.14383388,18.82801209,221.6
20.39277074,18.15649532,18.84115097,221.65
20.40700157,18.16915675,18.85428984,221.7
20.42123239,18.18181818,18.86742872,221.75
20.43546321,18.19447962,18.8805676,221.8
20.44969404,18.20714105,18.89370648,221.85
20.46392486,18.21980248,18.90684536,221.9
20.47815569,18.23246391,18.91998423,221.95
20.49238651,18.24512535,18.93312311,222
20.50661733,18.25778678,18.94626199,222.05
20.52084816,18.27044821,18.95940087,222.1
20.53507898,18.28310965,18.97253975,222.15
20.54930981,18.29577108,18.98567862,222.2
20.56354063,18.30843251,18.9988175,222.25
20.57777145,18.32109395,19.01195638,222.3
20.59200228,18.33375538,19.02509526,222.35
20.6062331,18.34641681,19.03823413,222.4
20.62046392,18.35907825,19.05137301,222.45
20.63469475,18.37173968,19.06451189,222.5
20.64892557,18.38440111,19.07765077,222.55
20.6631564,18.39706255,19.09078965,222.6
20.67738722,18.40972398,19.10392852,222.65
20.69161804,18.42238541,19.1170674,222.7
20.70584887,18.43504685,19.13020628,222.75
20.72007969,18.44770828,19.14334516,222.8
20.73431052,18.46036971,19.15648404,222.85
20.74854134,18.47303115,19.16962291,222.9
20.76277216,18.48569258,19.18276179,222.95
20.77700299,18.49835401,19.19590067,223
20.79123381,18.51101545,19.20903955,223.05
20.80546464,18.52367688,19.22217843,223.1
20.81969546,18.53633831,19.2353173,223.15
20.83392628,18.54899975,19.24845618,223.2
20.84815711,18.56166118,19.26159506,223.25
20.86238793,18.57432261,19.27473394,223.3
20.87661876,18.58698405,19.28787282,223.35
20.89084958,18.59964548,19.30101169,223.4
20.9050804,18.61230691,19.31415057,223.45
20.91931123,18.62496835,19.32728945,223.5
20.93354205,18.63762978,19.34042833,223.55
20.94777288,18.65029121,19.35356721,223.6
20.9620037,18.66295265,19.36670608,223.65
20.97623452,18.67561408,19.37984496,223.7
20.99046535,18.68827551,19.39298384,223.75
21.00469617,18.70093695,19.40612272,223.8
21.018927,18.71359838,19.4192616,223.85
21.03315782,18.72625981,19.43240047,223.9
21.04738864,18.73892125,19.44553935,223.95
21.06161947,18.75158268,19.45867823,224
21.07585029,18.76424411,19.47181711,224.05
21.09008112,18.77690555,19.48495598,224.1
21.10431194,18.78956698,19.49809486,224.15
21.11854276,18.80222841,19.51123374,224.2
21.13277359,18.81488985,19.52437262,224.25
21.14700441,18.82755128,19.5375115,224.3
21.16123524,18.84021271,19.55065037,224.35
21.17546606,18.85287415,19.56378925,224.4
21.18969688,18.86553558,19.57692813,224.45
21.20392771,18.87819701,19.59006701,224.5
21.21815853,18.89085845,19.60320589,224.55
21.23238936,18.90351988,19.61634476,224.6
21.24662018,18.91618131,19.62948364,224.65
21.260851,18.92884274,19.64262252,224.7
21.27508183,18.94150418,19.6557614,224.75
21.28931265,18.95416561,19.66890028,224.8
21.30354348,18.96682704,19.68203915,224.85
21.3177743,18.97948848,19.69517803,224.9
21.33200512,18.99214991,19.70831691,224.95
21.34623595,19.00481134,19.72145579,225
21.36046677,19.01747278,19.73459467,225.05
21.37469759,19.03013421,19.74773354,225.1
21.38892842,19.04279564,19.76087242,225.15
21.40315924,19.05545708,19.7740113,225.2
21.41739007,19.06811851,19.78715018,225.25
21.43162089,19.08077994,19.80028906,225.3
21.44585171,19.09344138,19.81342793,225.35
21.46008254,19.10610281,19.82656681,225.4
21.47431336,19.11876424,19.83970569,225.45
21.48854419,19.13142568,19.85284457,225.5
21.50277501,19.14408711,19.86598345,225.55
21.51700583,19.15674854,19.87912232,225.6
21.53123666,19.16940998,19.8922612,225.65
21.54546748,19.18207141,19.90540008,225.7
21.55969831,19.19473284,19.91853896,225.75
21.57392913,19.20739428,19.93167783,225.8
21.58815995,19.22005571,19.94481671,225.85
21.60239078,19.23271714,19.95795559,225.9
21.6166216,19.24537858,19.97109447,225.95
21.63085243,19.25804001,19.98423335,226
21.64508325,19.27070144,19.99737222,226.05
21.65931407,19.28336288,20.0105111,226.1
21.6735449,19.29602431,20.02364998,226.15
21.68777572,19.30868574,20.03678886,226.2
21.70200655,19.32134718,20.04992774,226.25
21.71623737,19.33400861,20.06306661,226.3
21.73046819,19.34667004,20.07620549,226.35
21.74469902,19.35933148,20.08934437,226.4
21.75892984,19.37199291,20.10248325,226.45
21.77316067,19.38465434,20.11562213,226.5
21.78739149,19.39731578,20.128761,226.55
21.80162231,19.40997721,20.14189988,226.6
21.81585314,19.42263864,20.15503876,226.65
21.83008396,19.43530008,20.16817764,226.7
21.84431479,19.44796151,20.18131652,226.75
21.85854561,19.46062294,20.19445539,226.8
21.87277643,19.47328438,20.20759427,226.85
21.88700726,19.48594581,20.22073315,226.9
21.90123808,19.49860724,20.23387203,226.95
21.91546891,19.51126868,20.24701091,227
21.92969973,19.52393011,20.26014978,227.05
21.94393055,19.53659154,20.27328866,227.1
21.95816138,19.54925298,20.28642754,227.15
21.9723922,19.56191441,20.29956642,227.2
21.98662303,19.57457584,20.31270529,227.25
22.00085385,19.58723728,20.32584417,227.3
22.01508467,19.59989871,20.33898305,227.35
22.0293155,19.61256014,20.35212193,227.4
22.04354632,19.62522158,20.36526081,227.45
22.05777715,19.63788301,20.37839968,227.5
22.07200797,19.65054444,20.39153856,227.55
22.08623879,19.66320587,20.40467744,227.6
22.10046962,19.67586731,20.41781632,227.65
22.11470044,19.68852874,20.4309552,227.7
22.12893127,19.70119017,20.44409407,227.75
22.14316209,19.71385161,20.45723295,227.8
22.15739291,19.72651304,20.47037183,227.85
22.17162374,19.73917447,20.48351071,227.9
22.18585456,19.75183591,20.49664959,227.95
22.20008538,19.76449734,20.50978846,228
22.21431621,19.77715877,20.52292734,228.05
22.22854703,19.78982021,20.53606622,228.1
22.24277786,19.80248164,20.5492051,228.15
22.25700868,19.81514307,20.56234398,228.2
22.2712395,19.82780451,20.57548285,228.25
22.28547033,19.84046594,20.58862173,228.3
22.29970115,19.85312737,20.60176061,228.35
22.31393198,19.86578881,20.61489949,228.4
22.3281628,19.87845024,20.62803837,228.45
22.34239362,19.89111167,20.64117724,228.5
22.35662445,19.90377311,20.65431612,228.55
22.37085527,19.91643454,20.667455,228.6
22.3850861,19.92909597,20.68059388,228.65
22.39931692,19.94175741,20.69373276,228.7
22.41354774,19.95441884,20.70687163,228.75
22.42777857,19.96708027,20.72001051,228.8
22.44200939,19.97974171,20.73314939,228.85
22.45624022,19.99240314,20.74628827,228.9
22.47047104,20.00506457,20.75942714,228.95
22.48470186,20.01772601,20.77256602,229
22.49893269,20.03038744,20.7857049,229.05
22.51316351,20.04304887,20.79884378,229.1
22.52739434,20.05571031,20.81198266,229.15
22.54162516,20.06837174,20.82512153,229.2
22.55585598,20.08103317,20.83826041,229.25
22.57008681,20.09369461,20.85139929,229.3
22.58431763,20.10635604,20.86453817,229.35
22.59854846,20.11901747,20.87767705,229.4
22.61277928,20.13167891,20.89081592,229.45
22.6270101,20.14434034,20.9039548,229.5
22.64124093,20.15700177,20.91709368,229.55
22.65547175,20.16966321,20.93023256,229.6
22.66970258,20.18232464,20.94337144,229.65
22.6839334,20.19498607,20.95651031,229.7
22.69816422,20.20764751,20.96964919,229.75
22.71239505,20.22030894,20.98278807,229.8
22.72662587,20.23297037,20.99592695,229.85
22.7408567,20.24563181,21.00906583,229.9
22.75508752,20.25829324,21.0222047,229.95
22.76931834,20.27095467,21.03534358,230
22.78354917,20.28361611,21.04848246,230.05
22.79777999,20.29627754,21.06162134,230.1
22.81201082,20.30893897,21.07476022,230.15
22.82624164,20.32160041,21.08789909,230.2
22.84047246,20.33426184,21.10103797,230.25
22.85470329,20.34692327,21.11417685,230.3
22.86893411,20.3595847,21.12731573,230.35
22.88316494,20.37224614,21.14045461,230.4
22.89739576,20.38490757,21.15359348,230.45
22.91162658,20.397569,21.16673236,230.5
22.92585741,20.41023044,21.17987124,230.55
22.94008823,20.42289187,21.19301012,230.6
22.95431906,20.4355533,21.20614899,230.65
22.96854988,20.44821474,21.21928787,230.7
22.9827807,20.46087617,21.23242675,230.75
22.99701153,20.4735376,21.24556563,230.8
23.01124235,20.48619904,21.25870451,230.85
23.02547317,20.49886047,21.27184338,230.9
23.039704,20.5115219,21.28498226,230.95
23.05393482,20.52418334,21.29812114,231
23.06816565,20.53684477,21.31126002,231.05
23.08239647,20.5495062,21.3243989,231.1
23.09662729,20.56216764,21.33753777,231.15
23.11085812,20.57482907,21.35067665,231.2
23.12508894,20.5874905,21.36381553,231.25
23.13931977,20.60015194,21.37695441,231.3
23.15355059,20.61281337,21.39009329,231.35
23.16778141,20.6254748,21.40323216,231.4
23.18201224,20.63813624,21.41637104,231.45
23.19624306,20.65079767,21.42950992,231.5
23.21047389,20.6634591,21.4426488,231.55
23.22470471,20.67612054,21.45578768,231.6
23.23893553,20.68878197,21.46892655,231.65
23.25316636,20.7014434,21.48206543,231.7
23.26739718,20.71410484,21.49520431,231.75
23.28162801,20.72676627,21.50834319,231.8
23.29585883,20.7394277,21.52148207,231.85
23.31008965,20.75208914,21.53462094,231.9
23.32432048,20.76475057,21.54775982,231.95
23.3385513,20.777412,21.5608987,232
23.35278213,20.79007344,21.57403758,232.05
23.36701295,20.80273487,21.58717646,232.1
23.38124377,20.8153963,21.60031533,232.15
23.3954746,20.82805774,21.61345421,232.2
23.40970542,20.84071917,21.62659309,232.25
23.42393625,20.8533806,21.63973197,232.3
23.43816707,20.86604204,21.65287084,232.35
23.45239789,20.87870347,21.66600972,232.4
23.46662872,20.8913649,21.6791486,232.45
23.48085954,20.90402634,21.69228748,232.5
23.49509037,20.91668777,21.70542636,232.55
23.50932119,20.9293492,21.71856523,232.6
23.52355201,20.94201064,21.73170411,232.65
23.53778284,20.95467207,21.74484299,232.7
23.55201366,20.9673335,21.75798187,232.75
23.56624449,20.97999494,21.77112075,232.8
23.58047531,20.99265637,21.78425962,232.85
23.59470613,21.0053178,21.7973985,232.9
23.60893696,21.01797924,21.81053738,232.95
23.62316778,21.03064067,21.82367626,233
23.63739861,21.0433021,21.83681514,233.05
23.65162943,21.05596354,21.84995401,233.1
23.66586025,21.06862497,21.86309289,233.15
23.68009108,21.0812864,21.87623177,233.2
23.6943219,21.09394783,21.88937065,233.25
23.70855273,21.10660927,21.90250953,233.3
23.72278355,21.1192707,21.9156484,233.35
23.73701437,21.13193213,21.92878728,233.4
23.7512452,21.14459357,21.94192616,233.45
23.76547602,21.157255,21.95506504,233.5
23.77970685,21.16991643,21.96820392,233.55
23.79393767,21.18257787,21.98134279,233.6
23.80816849,21.1952393,21.99448167,233.65
23.82239932,21.20790073,22.00762055,233.7
23.83663014,21.22056217,22.02075943,233.75
23.85086096,21.2332236,22.03389831,233.8
23.86509179,21.24588503,22.04703718,233.85
23.87932261,21.25854647,22.06017606,233.9
23.89355344,21.2712079,22.07331494,233.95
23.90778426,21.28386933,22.08645382,234
23.92201508,21.29653077,22.09959269,234.05
23.93624591,21.3091922,22.11273157,234.1
23.95047673,21.32185363,22.12587045,234.15
23.96470756,21.33451507,22.13900933,234.2
23.97893838,21.3471765,22.15214821,234.25
23.9931692,21.35983793,22.16528708,234.3
24.00740003,21.37249937,22.17842596,234.35
24.02163085,21.3851608,22.19156484,234.4
24.03586168,21.39782223,22.20470372,234.45
24.0500925,21.41048367,22.2178426,234.5
24.06432332,21.4231451,22.23098147,234.55
24.07855415,21.43580653,22.24412035,234.6
24.09278497,21.44846797,22.25725923,234.65
24.1070158,21.4611294,22.27039811,234.7
24.12124662,21.47379083,22.28353699,234.75
24.13547744,21.48645227,22.29667586,234.8
24.14970827,21.4991137,22.30981474,234.85
24.16393909,21.51177513,22.32295362,234.9
24.17816992,21.52443657,22.3360925,234.95
24.19240074,21.537098,22.34923138,235
24.20663156,21.54975943,22.36237025,235.05
24.22086239,21.56242087,22.37550913,235.1
24.23509321,21.5750823,22.38864801,235.15
24.24932404,21.58774373,22.40178689,235.2
24.26355486,21.60040517,22.41492577,235.25
24.27778568,21.6130666,22.42806464,235.3
24.29201651,21.62572803,22.44120352,235.35
24.30624733,21.63838947,22.4543424,235.4
24.32047816,21.6510509,22.46748128,235.45
24.33470898,21.66371233,22.48062016,235.5
24.3489398,21.67637377,22.49375903,235.55
24.36317063,21.6890352,22.50689791,235.6
24.37740145,21.70169663,22.52003679,235.65
24.39163228,21.71435807,22.53317567,235.7
24.4058631,21.7270195,22.54631454,235.75
24.42009392,21.73968093,22.55945342,235.8
24.43432475,21.75234237,22.5725923,235.85
24.44855557,21.7650038,22.58573118,235.9
24.4627864,21.77766523,22.59887006,235.95
24.47701722,21.79032666,22.61200893,236
24.49124804,21.8029881,22.62514781,236.05
24.50547887,21.81564953,22.63828669,236.1
24.51970969,21.82831096,22.65142557,236.15
24.53394052,21.8409724,22.66456445,236.2
24.54817134,21.85363383,22.67770332,236.25
24.56240216,21.86629526,22.6908422,236.3
24.57663299,21.8789567,22.70398108,236.35
24.59086381,21.89161813,22.71711996,236.4
24.60509463,21.90427956,22.73025884,236.45
24.61932546,21.916941,22.74339771,236.5
24.63355628,21.92960243,22.75653659,236.55
24.64778711,21.94226386,22.76967547,236.6
24.66201793,21.9549253,22.78281435,236.65
24.67624875,21.96758673,22.79595323,236.7
24.69047958,21.98024816,22.8090921,236.75
24.7047104,21.9929096,22.82223098,236.8
24.71894123,22.00557103,22.83536986,236.85
24.73317205,22.01823246,22.84850874,236.9
24.74740287,22.0308939,22.86164762,236.95
24.7616337,22.04355533,22.87478649,237
24.77586452,22.05621676,22.88792537,237.05
24.79009535,22.0688782,22.90106425,237.1
24.80432617,22.08153963,22.91420313,237.15
24.81855699,22.09420106,22.927342,237.2
24.83278782,22.1068625,22.94048088,237.25
24.84701864,22.11952393,22.95361976,237.3
24.86124947,22.13218536,22.96675864,237.35
24.87548029,22.1448468,22.97989752,237.4
24.88971111,22.15750823,22.99303639,237.45
24.90394194,22.17016966,23.00617527,237.5
24.91817276,22.1828311,23.01931415,237.55
24.93240359,22.19549253,23.03245303,237.6
24.94663441,22.20815396,23.04559191,237.65
24.96086523,22.2208154,23.05873078,237.7
24.97509606,22.23347683,23.07186966,237.75
24.98932688,22.24613826,23.08500854,237.8
25.00355771,22.2587997,23.09814742,237.85
25.01778853,22.27146113,23.1112863,237.9
25.03201935,22.28412256,23.12442517,237.95
25.04625018,22.296784,23.13756405,238
25.060481,22.30944543,23.15070293,238.05
25.07471183,22.32210686,23.16384181,238.1
25.08894265,22.3347683,23.17698069,238.15
25.10317347,22.34742973,23.19011956,238.2
25.1174043,22.36009116,23.20325844,238.25
25.13163512,22.3727526,23.21639732,238.3
25.14586595,22.38541403,23.2295362,238.35
25.16009677,22.39807546,23.24267508,238.4
25.17432759,22.4107369,23.25581395,238.45
25.18855842,22.42339833,23.26895283,238.5
25.20278924,22.43605976,23.28209171,238.55
25.21702007,22.4487212,23.29523059,238.6
25.23125089,22.46138263,23.30836947,238.65
25.24548171,22.47404406,23.32150834,238.7
25.25971254,22.4867055,23.33464722,238.75
25.27394336,22.49936693,23.3477861,238.8
25.28817419,22.51202836,23.36092498,238.85
25.30240501,22.52468979,23.37406385,238.9
25.31663583,22.53735123,23.38720273,238.95
25.33086666,22.55001266,23.40034161,239
25.34509748,22.56267409,23.41348049,239.05
25.35932831,22.57533553,23.42661937,239.1
25.37355913,22.58799696,23.43975824,239.15
25.38778995,22.60065839,23.45289712,239.2
25.40202078,22.61331983,23.466036,239.25
25.4162516,22.62598126,23.47917488,239.3
25.43048242,22.63864269,23.49231376,239.35
25.44471325,22.65130413,23.50545263,239.4
25.45894407,22.66396556,23.51859151,239.45
25.4731749,22.67662699,23.53173039,239.5
25.48740572,22.68928843,23.54486927,239.55
25.50163654,22.70194986,23.55800815,239.6
25.51586737,22.71461129,23.57114702,239.65
25.53009819,22.72727273,23.5842859,239.7
25.54432902,22.73993416,23.59742478,239.75
25.55855984,22.75259559,23.61056366,239.8
25.57279066,22.76525703,23.62370254,239.85
25.58702149,22.77791846,23.63684141,239.9
25.60125231,22.79057989,23.64998029,239.95
25.61548314,22.80324133,23.66311917,240
25.62971396,22.81590276,23.67625805,240.05
25.64394478,22.82856419,23.68939693,240.1
25.65817561,22.84122563,23.7025358,240.15
25.67240643,22.85388706,23.71567468,240.2
25.68663726,22.86654849,23.72881356,240.25
25.70086808,22.87920993,23.74195244,240.3
25.7150989,22.89187136,23.75509132,240.35
25.72932973,22.90453279,23.76823019,240.4
25.74356055,22.91719423,23.78136907,240.45
25.75779138,22.92985566,23.79450795,240.5
25.7720222,22.94251709,23.80764683,240.55
25.78625302,22.95517853,23.8207857,240.6
25.80048385,22.96783996,23.83392458,240.65
25.81471467,22.98050139,23.84706346,240.7
25.8289455,22.99316283,23.86020234,240.75
25.84317632,23.00582426,23.87334122,240.8
25.85740714,23.01848569,23.88648009,240.85
25.87163797,23.03114713,23.89961897,240.9
25.88586879,23.04380856,23.91275785,240.95
25.90009962,23.05646999,23.92589673,241
25.91433044,23.06913143,23.93903561,241.05
25.92856126,23.08179286,23.95217448,241.1
25.94279209,23.09445429,23.96531336,241.15
25.95702291,23.10711573,23.97845224,241.2
25.97125374,23.11977716,23.99159112,241.25
25.98548456,23.13243859,24.00473,241.3
25.99971538,23.14510003,24.01786887,241.35
26.01394621,23.15776146,24.03100775,241.4
26.02817703,23.17042289,24.04414663,241.45
26.04240786,23.18308433,24.05728551,241.5
26.05663868,23.19574576,24.07042439,241.55
26.0708695,23.20840719,24.08356326,241.6
26.08510033,23.22106862,24.09670214,241.65
26.09933115,23.23373006,24.10984102,241.7
26.11356198,23.24639149,24.1229799,241.75
26.1277928,23.25905292,24.13611878,241.8
26.14202362,23.27171436,24.14925765,241.85
26.15625445,23.28437579,24.16239653,241.9
26.17048527,23.29703722,24.17553541,241.95
26.1847161,23.30969866,24.18867429,242
26.19894692,23.32236009,24.20181317,242.05
26.21317774,23.33502152,24.21495204,242.1
26.22740857,23.34768296,24.22809092,242.15
26.24163939,23.36034439,24.2412298,242.2
26.25587021,23.37300582,24.25436868,242.25
26.27010104,23.38566726,24.26750755,242.3
26.28433186,23.39832869,24.28064643,242.35
26.29856269,23.41099012,24.29378531,242.4
26.31279351,23.42365156,24.30692419,242.45
26.32702433,23.43631299,24.32006307,242.5
26.34125516,23.44897442,24.33320194,242.55
26.35548598,23.46163586,24.34634082,242.6
26.36971681,23.47429729,24.3594797,242.65
26.38394763,23.48695872,24.37261858,242.7
26.39817845,23.49962016,24.38575746,242.75
26.41240928,23.51228159,24.39889633,242.8
26.4266401,23.52494302,24.41203521,242.85
26.44087093,23.53760446,24.42517409,242.9
26.45510175,23.55026589,24.43831297,242.95
26.46933257,23.56292732,24.45145185,243
26.4835634,23.57558876,24.46459072,243.05
26.49779422,23.58825019,24.4777296,243.1
26.51202505,23.60091162,24.49086848,243.15
26.52625587,23.61357306,24.50400736,243.2
26.54048669,23.62623449,24.51714624,243.25
26.55471752,23.63889592,24.53028511,243.3
26.56894834,23.65155736,24.54342399,243.35
26.58317917,23.66421879,24.55656287,243.4
26.59740999,23.67688022,24.56970175,243.45
26.61164081,23.68954166,24.58284063,243.5
26.62587164,23.70220309,24.5959795,243.55
26.64010246,23.71486452,24.60911838,243.6
26.65433329,23.72752596,24.62225726,243.65
26.66856411,23.74018739,24.63539614,243.7
26.68279493,23.75284882,24.64853502,243.75
26.69702576,23.76551026,24.66167389,243.8
26.71125658,23.77817169,24.67481277,243.85
26.72548741,23.79083312,24.68795165,243.9
26.73971823,23.80349456,24.70109053,243.95
26.75394905,23.81615599,24.7142294,244
26.76817988,23.82881742,24.72736828,244.05
26.7824107,23.84147886,24.74050716,244.1
26.79664153,23.85414029,24.75364604,244.15
26.81087235,23.86680172,24.76678492,244.2
26.82510317,23.87946316,24.77992379,244.25
26.839334,23.89212459,24.79306267,244.3
26.85356482,23.90478602,24.80620155,244.35
26.86779565,23.91744746,24.81934043,244.4
26.88202647,23.93010889,24.83247931,244.45
26.89625729,23.94277032,24.84561818,244.5
26.91048812,23.95543175,24.85875706,244.55
26.92471894,23.96809319,24.87189594,244.6
26.93894977,23.98075462,24.88503482,244.65
26.95318059,23.99341605,24.8981737,244.7
26.96741141,24.00607749,24.91131257,244.75
26.98164224,24.01873892,24.92445145,244.8
26.99587306,24.03140035,24.93759033,244.85
27.01010389,24.04406179,24.95072921,244.9
27.02433471,24.05672322,24.96386809,244.95
27.03856553,24.06938465,24.97700696,245
27.05279636,24.08204609,24.99014584,245.05
27.06702718,24.09470752,25.00328472,245.1
27.081258,24.10736895,25.0164236,245.15
27.09548883,24.12003039,25.02956248,245.2
27.10971965,24.13269182,25.04270135,245.25
27.12395048,24.14535325,25.05584023,245.3
27.1381813,24.15801469,25.06897911,245.35
27.15241212,24.17067612,25.08211799,245.4
27.16664295,24.18333755,25.09525687,245.45
27.18087377,24.19599899,25.10839574,245.5
27.1951046,24.20866042,25.12153462,245.55
27.20933542,24.22132185,25.1346735,245.6
27.22356624,24.23398329,25.14781238,245.65
27.23779707,24.24664472,25.16095125,245.7
27.25202789,24.25930615,25.17409013,245.75
27.26625872,24.27196759,25.18722901,245.8
27.28048954,24.28462902,25.20036789,245.85
27.29472036,24.29729045,25.21350677,245.9
27.30895119,24.30995189,25.22664564,245.95
27.32318201,24.32261332,25.23978452,246
27.33741284,24.33527475,25.2529234,246.05
27.35164366,24.34793619,25.26606228,246.1
27.36587448,24.36059762,25.27920116,246.15
27.38010531,24.37325905,25.29234003,246.2
27.39433613,24.38592049,25.30547891,246.25
27.40856696,24.39858192,25.31861779,246.3
27.42279778,24.41124335,25.33175667,246.35
27.4370286,24.42390479,25.34489555,246.4
27.45125943,24.43656622,25.35803442,246.45
27.46549025,24.44922765,25.3711733,246.5
27.47972108,24.46188909,25.38431218,246.55
27.4939519,24.47455052,25.39745106,246.6
27.50818272,24.48721195,25.41058994,246.65
27.52241355,24.49987339,25.42372881,246.7
27.53664437,24.51253482,25.43686769,246.75
27.5508752,24.52519625,25.45000657,246.8
27.56510602,24.53785769,25.46314545,246.85
27.57933684,24.55051912,25.47628433,246.9
27.59356767,24.56318055,25.4894232,246.95
27.60779849,24.57584199,25.50256208,247
27.62202932,24.58850342,25.51570096,247.05
27.63626014,24.60116485,25.52883984,247.1
27.65049096,24.61382629,25.54197872,247.15
27.66472179,24.62648772,25.55511759,247.2
27.67895261,24.63914915,25.56825647,247.25
27.69318344,24.65181058,25.58139535,247.3
27.70741426,24.66447202,25.59453423,247.35
27.72164508,24.67713345,25.6076731,247.4
27.73587591,24.68979488,25.62081198,247.45
27.75010673,24.70245632,25.63395086,247.5
27.76433756,24.71511775,25.64708974,247.55
27.77856838,24.72777918,25.66022862,247.6
27.7927992,24.74044062,25.67336749,247.65
27.80703003,24.75310205,25.68650637,247.7
27.82126085,24.76576348,25.69964525,247.75
27.83549167,24.77842492,25.71278413,247.8
27.8497225,24.79108635,25.72592301,247.85
27.86395332,24.80374778,25.73906188,247.9
27.87818415,24.81640922,25.75220076,247.95
27.89241497,24.82907065,25.76533964,248
27.90664579,24.84173208,25.77847852,248.05
27.92087662,24.85439352,25.7916174,248.1
27.93510744,24.86705495,25.80475627,248.15
27.94933827,24.87971638,25.81789515,248.2
27.96356909,24.89237782,25.83103403,248.25
27.97779991,24.90503925,25.84417291,248.3
27.99203074,24.91770068,25.85731179,248.35
28.00626156,24.93036212,25.87045066,248.4
28.02049239,24.94302355,25.88358954,248.45
28.03472321,24.95568498,25.89672842,248.5
28.04895403,24.96834642,25.9098673,248.55
28.06318486,24.98100785,25.92300618,248.6
28.07741568,24.99366928,25.93614505,248.65
28.09164651,25.00633072,25.94928393,248.7
28.10587733,25.01899215,25.96242281,248.75
28.12010815,25.03165358,25.97556169,248.8
28.13433898,25.04431502,25.98870056,248.85
28.1485698,25.05697645,26.00183944,248.9
28.16280063,25.06963788,26.01497832,248.95
28.17703145,25.08229932,26.0281172,249
28.19126227,25.09496075,26.04125608,249.05
28.2054931,25.10762218,26.05439495,249.1
28.21972392,25.12028362,26.06753383,249.15
28.23395475,25.13294505,26.08067271,249.2
28.24818557,25.14560648,26.09381159,249.25
28.26241639,25.15826792,26.10695047,249.3
28.27664722,25.17092935,26.12008934,249.35
28.29087804,25.18359078,26.13322822,249.4
28.30510887,25.19625222,26.1463671,249.45
28.31933969,25.20891365,26.15950598,249.5
28.33357051,25.22157508,26.17264486,249.55
28.34780134,25.23423652,26.18578373,249.6
28.36203216,25.24689795,26.19892261,249.65
28.37626299,25.25955938,26.21206149,249.7
28.39049381,25.27222082,26.22520037,249.75
28.40472463,25.28488225,26.23833925,249.8
28.41895546,25.29754368,26.25147812,249.85
28.43318628,25.31020512,26.264617,249.9
28.44741711,25.32286655,26.27775588,249.95
28.46164793,25.33552798,26.29089476,250
28.47587875,25.34818942,26.30403364,250.05
28.49010958,25.36085085,26.31717251,250.1
28.5043404,25.37351228,26.33031139,250.15
28.51857123,25.38617371,26.34345027,250.2
28.53280205,25.39883515,26.35658915,250.25
28.54703287,25.41149658,26.36972803,250.3
28.5612637,25.42415801,26.3828669,250.35
28.57549452,25.43681945,26.39600578,250.4
28.58972535,25.44948088,26.40914466,250.45
28.60395617,25.46214231,26.42228354,250.5
28.61818699,25.47480375,26.43542241,250.55
28.63241782,25.48746518,26.44856129,250.6
28.64664864,25.50012661,26.46170017,250.65
28.66087946,25.51278805,26.47483905,250.7
28.67511029,25.52544948,26.48797793,250.75
28.68934111,25.53811091,26.5011168,250.8
28.70357194,25.55077235,26.51425568,250.85
28.71780276,25.56343378,26.52739456,250.9
28.73203358,25.57609521,26.54053344,250.95
28.74626441,25.58875665,26.55367232,251
28.76049523,25.60141808,26.56681119,251.05
28.77472606,25.61407951,26.57995007,251.1
28.78895688,25.62674095,26.59308895,251.15
28.8031877,25.63940238,26.60622783,251.2
28.81741853,25.65206381,26.61936671,251.25
28.83164935,25.66472525,26.63250558,251.3
28.84588018,25.67738668,26.64564446,251.35
28.860111,25.69004811,26.65878334,251.4
28.87434182,25.70270955,26.67192222,251.45
28.88857265,25.71537098,26.6850611,251.5
28.90280347,25.72803241,26.69819997,251.55
28.9170343,25.74069385,26.71133885,251.6
28.93126512,25.75335528,26.72447773,251.65
28.94549594,25.76601671,26.73761661,251.7
28.95972677,25.77867815,26.75075549,251.75
28.97395759,25.79133958,26.76389436,251.8
28.98818842,25.80400101,26.77703324,251.85
29.00241924,25.81666245,26.79017212,251.9
29.01665006,25.82932388,26.803311,251.95
29.03088089,25.84198531,26.81644988,252
29.04511171,25.85464675,26.82958875,252.05
29.05934254,25.86730818,26.84272763,252.1
29.07357336,25.87996961,26.85586651,252.15
29.08780418,25.89263105,26.86900539,252.2
29.10203501,25.90529248,26.88214426,252.25
29.11626583,25.91795391,26.89528314,252.3
29.13049666,25.93061535,26.90842202,252.35
29.14472748,25.94327678,26.9215609,252.4
29.1589583,25.95593821,26.93469978,252.45
29.17318913,25.96859965,26.94783865,252.5
29.18741995,25.98126108,26.96097753,252.55
29.20165078,25.99392251,26.97411641,252.6
29.2158816,26.00658395,26.98725529,252.65
29.23011242,26.01924538,27.00039417,252.7
29.24434325,26.03190681,27.01353304,252.75
29.25857407,26.04456825,27.02667192,252.8
29.2728049,26.05722968,27.0398108,252.85
29.28703572,26.06989111,27.05294968,252.9
29.30126654,26.08255254,27.06608856,252.95
29.31549737,26.09521398,27.07922743,253
29.32972819,26.10787541,27.09236631,253.05
29.34395902,26.12053684,27.10550519,253.1
29.35818984,26.13319828,27.11864407,253.15
29.37242066,26.14585971,27.13178295,253.2
29.38665149,26.15852114,27.14492182,253.25
29.40088231,26.17118258,27.1580607,253.3
29.41511314,26.18384401,27.17119958,253.35
29.42934396,26.19650544,27.18433846,253.4
29.44357478,26.20916688,27.19747734,253.45
29.45780561,26.22182831,27.21061621,253.5
29.47203643,26.23448974,27.22375509,253.55
29.48626725,26.24715118,27.23689397,253.6
29.50049808,26.25981261,27.25003285,253.65
29.5147289,26.27247404,27.26317173,253.7
29.52895973,26.28513548,27.2763106,253.75
29.54319055,26.29779691,27.28944948,253.8
29.55742137,26.31045834,27.30258836,253.85
29.5716522,26.32311978,27.31572724,253.9
29.58588302,26.33578121,27.32886611,253.95
29.60011385,26.34844264,27.34200499,254
29.61434467,26.36110408,27.35514387,254.05
29.62857549,26.37376551,27.36828275,254.1
29.64280632,26.38642694,27.38142163,254.15
29.65703714,26.39908838,27.3945605,254.2
29.67126797,26.41174981,27.40769938,254.25
29.68549879,26.42441124,27.42083826,254.3
29.69972961,26.43707268,27.43397714,254.35
29.71396044,26.44973411,27.44711602,254.4
29.72819126,26.46239554,27.46025489,254.45
29.74242209,26.47505698,27.47339377,254.5
29.75665291,26.48771841,27.48653265,254.55
29.77088373,26.50037984,27.49967153,254.6
29.78511456,26.51304128,27.51281041,254.65
29.79934538,26.52570271,27.52594928,254.7
29.81357621,26.53836414,27.53908816,254.75
29.82780703,26.55102558,27.55222704,254.8
29.84203785,26.56368701,27.56536592,254.85
29.85626868,26.57634844,27.5785048,254.9
29.8704995,26.58900988,27.59164367,254.95
29.88473033,26.60167131,27.60478255,255
29.89896115,26.61433274,27.61792143,255.05
29.91319197,26.62699418,27.63106031,255.1
29.9274228,26.63965561,27.64419919,255.15
29.94165362,26.65231704,27.65733806,255.2
29.95588445,26.66497848,27.67047694,255.25
29.97011527,26.67763991,27.68361582,255.3
29.98434609,26.69030134,27.6967547,255.35
29.99857692,26.70296278,27.70989358,255.4
,,,
,,,
,,,
,,,
,,,
,,,
,,,
,,,
,,,
,,,
,,,
,,,
,,,
,,,
,,,
,,,
,,,
,,,
,,,
,,,
,,,
,,,
,,,
,,,
,,,
,,,
,,,
,,,
,,,
,,,
,,,
,,,
,,,
,,,
,,,
,,,
,,,
,,,
,,,
,,,
,,,
,,,
,,,
,,,
,,,
,,,
,,,
,,,
,,,
,,,
,,,
,,,
,,,
,,,
,,,
,,,
,,,
,,,
,,,
,,,
,,,
,,,
,,,
,,,
,,,
,,,
,,,
,,,
,,,
,,,
,,,
,,,
,,,
,,,
,,,
,,,
,,,
,,,
,,,
,,,
,,,
,,,
,,,
,,,
,,,
,,,
,,,
,,,
,,,
,,,
,,,
,,,
,,,
,,,
,,,
,,,
,,,
,,,
,,,
,,,
,,,
,,,
,,,
,,,
,,,
,,,
,,,
,,,
,,,
,,,
,,,
,,,
,,,
,,,
,,,
,,,
,,,
,,,
,,,
,,,
,,,
,,,
,,,
,,,
,,,
,,,
,,,
,,,
,,,
,,,
,,,
,,,
,,,
,,,
,,,
,,,
,,,
,,,
,,,
,,,
,,,
,,,
,,,
,,,
,,,
,,,
,,,
,,,
,,,
,,,
,,,
,,,
,,,
,,,
,,,
,,,
,,,
,,,
,,,
,,,
,,,
,,,
,,,
,,,
,,,
,,,
,,,
,,,
,,,
,,,
,,,
,,,
,,,
,,,
,,,
,,,
,,,
,,,
,,,
,,,
,,,
,,,
,,,
,,,
,,,
,,,
,,,
,,,
,,,
,,,
,,,
,,,
,,,
,,,
,,,
,,,
,,,
,,,
,,,
,,,
,,,
,,,
,,,
,,,
,,,
,,,
,,,
,,,
,,,
,,,
,,,
,,,
,,,
,,,
,,,
,,,
,,,
,,,
,,,
,,,
,,,
,,,
,,,
,,,
,,,
,,,
,,,
,,,
,,,
,,,
,,,
,,,
,,,
,,,
,,,
,,,
,,,
,,,
,,,
,,,
,,,
,,,
,,,
,,,
,,,
,,,
,,,
,,,
,,,
,,,
,,,
,,,
,,,
,,,
,,,
,,,
,,,
,,,
,,,
,,,
,,,
,,,
,,,
,,,
,,,
,,,
,,,
,,,
,,,
,,,
,,,
,,,
,,,
,,,
,,,
,,,
,,,
,,,
,,,
,,,
,,,
,,,
,,,
,,,
,,,
,,,
,,,
,,,
,,,
,,,
,,,
,,,
,,,
,,,
,,,
,,,
,,,
,,,
,,,
,,,
,,,
,,,
,,,
,,,
,,,
,,,
,,,
,,,
,,,
,,,
,,,
,,,
,,,
,,,
,,,
,,,
,,,
,,,
,,,
,,,
,,,
,,,
,,,
,,,
,,,
,,,
,,,
,,,
,,,
,,,
,,,
,,,
,,,
,,,
,,,
,,,
,,,
,,,
,,,
,,,
,,,
,,,
,,,
,,,
,,,
,,,
,,,
,,,
,,,
,,,
,,,
,,,
,,,
,,,
,,,
,,,
,,,
,,,
,,,
,,,
,,,
,,,
,,,
,,,
,,,
,,,
,,,
,,,
,,,
,,,
,,,
,,,
,,,
,,,
,,,
,,,
,,,
,,,
,,,
,,,
,,,
,,,
,,,
,,,
,,,
,,,
,,,
,,,
,,,
,,,
,,,
,,,
,,,
,,,
,,,
,,,
,,,
,,,
,,,
,,,
,,,
,,,
,,,
,,,
,,,
,,,
,,,
,,,
,,,
,,,
,,,
,,,
,,,
,,,
,,,
,,,
,,,
,,,
,,,
,,,
,,,
,,,
,,,
,,,
,,,
,,,
,,,
,,,
,,,
,,,
,,,
,,,
,,,
,,,
,,,
,,,
,,,
,,,
,,,
,,,
,,,
,,,
,,,
,,,
,,,
,,,
,,,
,,,
,,,
,,,
,,,
,,,
,,,
,,,
,,,
,,,
,,,
,,,
,,,
,,,
,,,
,,,
,,,
,,,
,,,
,,,
,,,
,,,
,,,
,,,
,,,
,,,
,,,
,,,
,,,
,,,
,,,
,,,
,,,
,,,
,,,
,,,
,,,
,,,
,,,
,,,
,,,
,,,
,,,
,,,
,,,
,,,
,,,
,,,
,,,
,,,
,,,
,,,
,,,
,,,
,,,
,,,
,,,
,,,
,,,
,,,
,,,
,,,
,,,
,,,
,,,
,,,
,,,
,,,
,,,
,,,
,,,
,,,
,,,
,,,
,,,
,,,
,,,
,,,
,,,
,,,
,,,
,,,
,,,
,,,
,,,
,,,
,,,
,,,
,,,
,,,
,,,
,,,
,,,
,,,
,,,
,,,
,,,
,,,
,,,
,,,
,,,
,,,
,,,
,,,
,,,
,,,
,,,
,,,
,,,
,,,
,,,
,,,
,,,
,,,
,,,
,,,
,,,