0,4.001012915,7.003021942,194.05
0.014230824,4.013674348,7.01616082,194.09
0.028461648,4.026335781,7.029299698,194.13
0.042692472,4.038997214,7.042438576,194.17
0.056923296,4.051658648,7.055577454,194.21
0.07115412,4.064320081,7.068716332,194.25
0.085384944,4.076981514,7.08185521,194.29
0.099615768,4.089642948,7.094994088,194.33
0.113846592,4.102304381,7.108132965,194.37
0.128077416,4.114965814,7.121271843,194.41
0.14230824,4.127627247,7.134410721,194.45
0.156539064,4.140288681,7.147549599,194.49
0.170769888,4.152950114,7.160688477,194.53
0.185000712,4.165611547,7.173827355,194.57
0.199231536,4.178272981,7.186966233,194.61
0.213462359,4.190934414,7.200105111,194.65
0.227693183,4.203595847,7.213243989,194.69
0.241924007,4.21625728,7.226382867,194.73
0.256154831,4.228918714,7.239521745,194.77
0.270385655,4.241580147,7.252660623,194.81
0.284616479,4.25424158,7.265799501,194.85
0.298847303,4.266903013,7.278938379,194.89
0.313078127,4.279564447,7.292077257,194.93
0.327308951,4.29222588,7.305216135,194.97
0.341539775,4.304887313,7.318355012,195.01
0.355770599,4.317548747,7.33149389,195.05
0.370001423,4.33021018,7.344632768,195.09
0.384232247,4.342871613,7.357771646,195.13
0.398463071,4.355533046,7.370910524,195.17
0.412693895,4.36819448,7.384049402,195.21
0.426924719,4.380855913,7.39718828,195.25
0.441155543,4.393517346,7.410327158,195.29
0.455386367,4.406178779,7.423466036,195.33
0.469617191,4.418840213,7.436604914,195.37
0.483848015,4.431501646,7.449743792,195.41
0.498078839,4.444163079,7.46288267,195.45
0.512309663,4.456824513,7.476021548,195.49
0.526540487,4.469485946,7.489160426,195.53
0.540771311,4.482147379,7.502299304,195.57
0.555002135,4.494808812,7.515438182,195.61
0.569232959,4.507470246,7.52857706,195.65
0.583463783,4.520131679,7.541715937,195.69
0.597694607,4.532793112,7.554854815,195.73
0.61192543,4.545454545,7.567993693,195.77
0.626156254,4.558115979,7.581132571,195.81
0.640387078,4.570777412,7.594271449,195.85
0.654617902,4.583438845,7.607410327,195.89
0.668848726,4.596100279,7.620549205,195.93
0.68307955,4.608761712,7.633688083,195.97
0.697310374,4.621423145,7.646826961,196.01
0.711541198,4.634084578,7.659965839,196.05
0.725772022,4.646746012,7.673104717,196.09
0.740002846,4.659407445,7.686243595,196.13
0.75423367,4.672068878,7.699382473,196.17
0.768464494,4.684730311,7.712521351,196.21
0.782695318,4.697391745,7.725660229,196.25
0.796926142,4.710053178,7.738799107,196.29
0.811156966,4.722714611,7.751937984,196.33
0.82538779,4.735376045,7.765076862,196.37
0.839618614,4.748037478,7.77821574,196.41
0.853849438,4.760698911,7.791354618,196.45
0.868080262,4.773360344,7.804493496,196.49
0.882311086,4.786021778,7.817632374,196.53
0.89654191,4.798683211,7.830771252,196.57
0.910772734,4.811344644,7.84391013,196.61
0.925003558,4.824006077,7.857049008,196.65
0.939234382,4.836667511,7.870187886,196.69
0.953465206,4.849328944,7.883326764,196.73
0.96769603,4.861990377,7.896465642,196.77
0.981926854,4.874651811,7.90960452,196.81
0.996157678,4.887313244,7.922743398,196.85
1.010388501,4.899974677,7.935882276,196.89
1.024619325,4.91263611,7.949021154,196.93
1.038850149,4.925297544,7.962160032,196.97
1.053080973,4.937958977,7.975298909,197.01
1.067311797,4.95062041,7.988437787,197.05
1.081542621,4.963281844,8.001576665,197.09
1.095773445,4.975943277,8.014715543,197.13
1.110004269,4.98860471,8.027854421,197.17
1.124235093,5.001266143,8.040993299,197.21
1.138465917,5.013927577,8.054132177,197.25
1.152696741,5.02658901,8.067271055,197.29
1.166927565,5.039250443,8.080409933,197.33
1.181158389,5.051911876,8.093548811,197.37
1.195389213,5.06457331,8.106687689,197.41
1.209620037,5.077234743,8.119826567,197.45
1.223850861,5.089896176,8.132965445,197.49
1.238081685,5.10255761,8.146104323,197.53
1.252312509,5.115219043,8.159243201,197.57
1.266543333,5.127880476,8.172382079,197.61
1.280774157,5.140541909,8.185520957,197.65
1.295004981,5.153203343,8.198659834,197.69
1.309235805,5.165864776,8.211798712,197.73
1.323466629,5.178526209,8.22493759,197.77
1.337697453,5.191187642,8.238076468,197.81
1.351928277,5.203849076,8.251215346,197.85
1.366159101,5.216510509,8.264354224,197.89
1.380389925,5.229171942,8.277493102,197.93
1.394620749,5.241833376,8.29063198,197.97
1.408851573,5.254494809,8.303770858,198.01
1.423082396,5.267156242,8.316909736,198.05
1.43731322,5.279817675,8.330048614,198.09
1.451544044,5.292479109,8.343187492,198.13
1.465774868,5.305140542,8.35632637,198.17
1.480005692,5.317801975,8.369465248,198.21
1.494236516,5.330463408,8.382604126,198.25
1.50846734,5.343124842,8.395743004,198.29
1.522698164,5.355786275,8.408881881,198.33
1.536928988,5.368447708,8.422020759,198.37
1.551159812,5.381109142,8.435159637,198.41
1.565390636,5.393770575,8.448298515,198.45
1.57962146,5.406432008,8.461437393,198.49
1.593852284,5.419093441,8.474576271,198.53
1.608083108,5.431754875,8.487715149,198.57
1.622313932,5.444416308,8.500854027,198.61
1.636544756,5.457077741,8.513992905,198.65
1.65077558,5.469739174,8.527131783,198.69
1.665006404,5.482400608,8.540270661,198.73
1.679237228,5.495062041,8.553409539,198.77
1.693468052,5.507723474,8.566548417,198.81
1.707698876,5.520384908,8.579687295,198.85
1.7219297,5.533046341,8.592826173,198.89
1.736160524,5.545707774,8.605965051,198.93
1.750391348,5.558369207,8.619103929,198.97
1.764622172,5.571030641,8.632242806,199.01
1.778852996,5.583692074,8.645381684,199.05
1.79308382,5.596353507,8.658520562,199.09
1.807314644,5.60901494,8.67165944,199.13
1.821545467,5.621676374,8.684798318,199.17
1.835776291,5.634337807,8.697937196,199.21
1.850007115,5.64699924,8.711076074,199.25
1.864237939,5.659660674,8.724214952,199.29
1.878468763,5.672322107,8.73735383,199.33
1.892699587,5.68498354,8.750492708,199.37
1.906930411,5.697644973,8.763631586,199.41
1.921161235,5.710306407,8.776770464,199.45
1.935392059,5.72296784,8.789909342,199.49
1.949622883,5.735629273,8.80304822,199.53
1.963853707,5.748290707,8.816187098,199.57
1.978084531,5.76095214,8.829325976,199.61
1.992315355,5.773613573,8.842464854,199.65
2.006546179,5.786275006,8.855603731,199.69
2.020777003,5.79893644,8.868742609,199.73
2.035007827,5.811597873,8.881881487,199.77
2.049238651,5.824259306,8.895020365,199.81
2.063469475,5.836920739,8.908159243,199.85
2.077700299,5.849582173,8.921298121,199.89
2.091931123,5.862243606,8.934436999,199.93
2.106161947,5.874905039,8.947575877,199.97
2.120392771,5.887566473,8.960714755,200.01
2.134623595,5.900227906,8.973853633,200.05
2.148854419,5.912889339,8.986992511,200.09
2.163085243,5.925550772,9.000131389,200.13
2.177316067,5.938212206,9.013270267,200.17
2.191546891,5.950873639,9.026409145,200.21
2.205777715,5.963535072,9.039548023,200.25
2.220008538,5.976196505,9.052686901,200.29
2.234239362,5.988857939,9.065825778,200.33
2.248470186,6.001519372,9.078964656,200.37
2.26270101,6.014180805,9.092103534,200.41
2.276931834,6.026842239,9.105242412,200.45
2.291162658,6.039503672,9.11838129,200.49
2.305393482,6.052165105,9.131520168,200.53
2.319624306,6.064826538,9.144659046,200.57
2.33385513,6.077487972,9.157797924,200.61
2.348085954,6.090149405,9.170936802,200.65
2.362316778,6.102810838,9.18407568,200.69
2.376547602,6.115472271,9.197214558,200.73
2.390778426,6.128133705,9.210353436,200.77
2.40500925,6.140795138,9.223492314,200.81
2.419240074,6.153456571,9.236631192,200.85
2.433470898,6.166118005,9.24977007,200.89
2.447701722,6.178779438,9.262908948,200.93
2.461932546,6.191440871,9.276047826,200.97
2.47616337,6.204102304,9.289186703,201.01
2.490394194,6.216763738,9.302325581,201.05
2.504625018,6.229425171,9.315464459,201.09
2.518855842,6.242086604,9.328603337,201.13
2.533086666,6.254748037,9.341742215,201.17
2.54731749,6.267409471,9.354881093,201.21
2.561548314,6.280070904,9.368019971,201.25
2.575779138,6.292732337,9.381158849,201.29
2.590009962,6.305393771,9.394297727,201.33
2.604240786,6.318055204,9.407436605,201.37
2.61847161,6.330716637,9.420575483,201.41
2.632702433,6.34337807,9.433714361,201.45
2.646933257,6.356039504,9.446853239,201.49
2.661164081,6.368700937,9.459992117,201.53
2.675394905,6.38136237,9.473130995,201.57
2.689625729,6.394023803,9.486269873,201.61
2.703856553,6.406685237,9.49940875,201.65
2.718087377,6.41934667,9.512547628,201.69
2.732318201,6.432008103,9.525686506,201.73
2.746549025,6.444669537,9.538825384,201.77
2.760779849,6.45733097,9.551964262,201.81
2.775010673,6.469992403,9.56510314,201.85
2.789241497,6.482653836,9.578242018,201.89
2.803472321,6.49531527,9.591380896,201.93
2.817703145,6.507976703,9.604519774,201.97
2.831933969,6.520638136,9.617658652,202.01
2.846164793,6.53329957,9.63079753,202.05
2.860395617,6.545961003,9.643936408,202.09
2.874626441,6.558622436,9.657075286,202.13
2.888857265,6.571283869,9.670214164,202.17
2.903088089,6.583945303,9.683353042,202.21
2.917318913,6.596606736,9.69649192,202.25
2.931549737,6.609268169,9.709630798,202.29
2.945780561,6.621929602,9.722769675,202.33
2.960011385,6.634591036,9.735908553,202.37
2.974242209,6.647252469,9.749047431,202.41
2.988473033,6.659913902,9.762186309,202.45
3.002703857,6.672575336,9.775325187,202.49
3.016934681,6.685236769,9.788464065,202.53
3.031165504,6.697898202,9.801602943,202.57
3.045396328,6.710559635,9.814741821,202.61
3.059627152,6.723221069,9.827880699,202.65
3.073857976,6.735882502,9.841019577,202.69
3.0880888,6.748543935,9.854158455,202.73
3.102319624,6.761205368,9.867297333,202.77
3.116550448,6.773866802,9.880436211,202.81
3.130781272,6.786528235,9.893575089,202.85
3.145012096,6.799189668,9.906713967,202.89
3.15924292,6.811851102,9.919852845,202.93
3.173473744,6.824512535,9.932991723,202.97
3.187704568,6.837173968,9.9461306,203.01
3.201935392,6.849835401,9.959269478,203.05
3.216166216,6.862496835,9.972408356,203.09
3.23039704,6.875158268,9.985547234,203.13
3.244627864,6.887819701,9.998686112,203.17
3.258858688,6.900481134,10.01182499,203.21
3.273089512,6.913142568,10.02496387,203.25
3.287320336,6.925804001,10.03810275,203.29
3.30155116,6.938465434,10.05124162,203.33
3.315781984,6.951126868,10.0643805,203.37
3.330012808,6.963788301,10.07751938,203.41
3.344243632,6.976449734,10.09065826,203.45
3.358474456,6.989111167,10.10379714,203.49
3.37270528,7.001772601,10.11693601,203.53
3.386936104,7.014434034,10.13007489,203.57
3.401166928,7.027095467,10.14321377,203.61
3.415397752,7.0397569,10.15635265,203.65
3.429628575,7.052418334,10.16949153,203.69
3.443859399,7.065079767,10.1826304,203.73
3.458090223,7.0777412,10.19576928,203.77
3.472321047,7.090402634,10.20890816,203.81
3.486551871,7.103064067,10.22204704,203.85
3.500782695,7.1157255,10.23518592,203.89
3.515013519,7.128386933,10.24832479,203.93
3.529244343,7.141048367,10.26146367,203.97
3.543475167,7.1537098,10.27460255,204.01
3.557705991,7.166371233,10.28774143,204.05
3.571936815,7.179032666,10.3008803,204.09
3.586167639,7.1916941,10.31401918,204.13
3.600398463,7.204355533,10.32715806,204.17
3.614629287,7.217016966,10.34029694,204.21
3.628860111,7.2296784,10.35343582,204.25
3.643090935,7.242339833,10.36657469,204.29
3.657321759,7.255001266,10.37971357,204.33
3.671552583,7.267662699,10.39285245,204.37
3.685783407,7.280324133,10.40599133,204.41
3.700014231,7.292985566,10.41913021,204.45
3.714245055,7.305646999,10.43226908,204.49
3.728475879,7.318308433,10.44540796,204.53
3.742706703,7.330969866,10.45854684,204.57
3.756937527,7.343631299,10.47168572,204.61
3.771168351,7.356292732,10.4848246,204.65
3.785399175,7.368954166,10.49796347,204.69
3.799629999,7.381615599,10.51110235,204.73
3.813860823,7.394277032,10.52424123,204.77
3.828091647,7.406938465,10.53738011,204.81
3.84232247,7.419599899,10.55051899,204.85
3.856553294,7.432261332,10.56365786,204.89
3.870784118,7.444922765,10.57679674,204.93
3.885014942,7.457584199,10.58993562,204.97
3.899245766,7.470245632,10.6030745,205.01
3.91347659,7.482907065,10.61621338,205.05
3.927707414,7.495568498,10.62935225,205.09
3.941938238,7.508229932,10.64249113,205.13
3.956169062,7.520891365,10.65563001,205.17
3.970399886,7.533552798,10.66876889,205.21
3.98463071,7.546214231,10.68190777,205.25
3.998861534,7.558875665,10.69504664,205.29
4.013092358,7.571537098,10.70818552,205.33
4.027323182,7.584198531,10.7213244,205.37
4.041554006,7.596859965,10.73446328,205.41
4.05578483,7.609521398,10.74760215,205.45
4.070015654,7.622182831,10.76074103,205.49
4.084246478,7.634844264,10.77387991,205.53
4.098477302,7.647505698,10.78701879,205.57
4.112708126,7.660167131,10.80015767,205.61
4.12693895,7.672828564,10.81329654,205.65
4.141169774,7.685489997,10.82643542,205.69
4.155400598,7.698151431,10.8395743,205.73
4.169631422,7.710812864,10.85271318,205.77
4.183862246,7.723474297,10.86585206,205.81
4.19809307,7.736135731,10.87899093,205.85
4.212323894,7.748797164,10.89212981,205.89
4.226554718,7.761458597,10.90526869,205.93
4.240785541,7.77412003,10.91840757,205.97
4.255016365,7.786781464,10.93154645,206.01
4.269247189,7.799442897,10.94468532,206.05
4.283478013,7.81210433,10.9578242,206.09
4.297708837,7.824765763,10.97096308,206.13
4.311939661,7.837427197,10.98410196,206.17
4.326170485,7.85008863,10.99724084,206.21
4.340401309,7.862750063,11.01037971,206.25
4.354632133,7.875411497,11.02351859,206.29
4.368862957,7.88807293,11.03665747,206.33
4.383093781,7.900734363,11.04979635,206.37
4.397324605,7.913395796,11.06293523,206.41
4.411555429,7.92605723,11.0760741,206.45
4.425786253,7.938718663,11.08921298,206.49
4.440017077,7.951380096,11.10235186,206.53
4.454247901,7.96404153,11.11549074,206.57
4.468478725,7.976702963,11.12862962,206.61
4.482709549,7.989364396,11.14176849,206.65
4.496940373,8.002025829,11.15490737,206.69
4.511171197,8.014687263,11.16804625,206.73
4.525402021,8.027348696,11.18118513,206.77
4.539632845,8.040010129,11.194324,206.81
4.553863669,8.052671562,11.20746288,206.85
4.568094493,8.065332996,11.22060176,206.89
4.582325317,8.077994429,11.23374064,206.93
4.596556141,8.090655862,11.24687952,206.97
4.610786965,8.103317296,11.26001839,207.01
4.625017789,8.115978729,11.27315727,207.05
4.639248612,8.128640162,11.28629615,207.09
4.653479436,8.141301595,11.29943503,207.13
4.66771026,8.153963029,11.31257391,207.17
4.681941084,8.166624462,11.32571278,207.21
4.696171908,8.179285895,11.33885166,207.25
4.710402732,8.191947328,11.35199054,207.29
4.724633556,8.204608762,11.36512942,207.33
4.73886438,8.217270195,11.3782683,207.37
4.753095204,8.229931628,11.39140717,207.41
4.767326028,8.242593062,11.40454605,207.45
4.781556852,8.255254495,11.41768493,207.49
4.795787676,8.267915928,11.43082381,207.53
4.8100185,8.280577361,11.44396269,207.57
4.824249324,8.293238795,11.45710156,207.61
4.838480148,8.305900228,11.47024044,207.65
4.852710972,8.318561661,11.48337932,207.69
4.866941796,8.331223094,11.4965182,207.73
4.88117262,8.343884528,11.50965708,207.77
4.895403444,8.356545961,11.52279595,207.81
4.909634268,8.369207394,11.53593483,207.85
4.923865092,8.381868828,11.54907371,207.89
4.938095916,8.394530261,11.56221259,207.93
4.95232674,8.407191694,11.57535146,207.97
4.966557564,8.419853127,11.58849034,208.01
4.980788388,8.432514561,11.60162922,208.05
4.995019212,8.445175994,11.6147681,208.09
5.009250036,8.457837427,11.62790698,208.13
5.02348086,8.47049886,11.64104585,208.17
5.037711684,8.483160294,11.65418473,208.21
5.051942507,8.495821727,11.66732361,208.25
5.066173331,8.50848316,11.68046249,208.29
5.080404155,8.521144594,11.69360137,208.33
5.094634979,8.533806027,11.70674024,208.37
5.108865803,8.54646746,11.71987912,208.41
5.123096627,8.559128893,11.733018,208.45
5.137327451,8.571790327,11.74615688,208.49
5.151558275,8.58445176,11.75929576,208.53
5.165789099,8.597113193,11.77243463,208.57
5.180019923,8.609774626,11.78557351,208.61
5.194250747,8.62243606,11.79871239,208.65
5.208481571,8.635097493,11.81185127,208.69
5.222712395,8.647758926,11.82499015,208.73
5.236943219,8.66042036,11.83812902,208.77
5.251174043,8.673081793,11.8512679,208.81
5.265404867,8.685743226,11.86440678,208.85
5.279635691,8.698404659,11.87754566,208.89
5.293866515,8.711066093,11.89068454,208.93
5.308097339,8.723727526,11.90382341,208.97
5.322328163,8.736388959,11.91696229,209.01
5.336558987,8.749050393,11.93010117,209.05
5.350789811,8.761711826,11.94324005,209.09
5.365020635,8.774373259,11.95637893,209.13
5.379251459,8.787034692,11.9695178,209.17
5.393482283,8.799696126,11.98265668,209.21
5.407713107,8.812357559,11.99579556,209.25
5.421943931,8.825018992,12.00893444,209.29
5.436174755,8.837680425,12.02207331,209.33
5.450405578,8.850341859,12.03521219,209.37
5.464636402,8.863003292,12.04835107,209.41
5.478867226,8.875664725,12.06148995,209.45
5.49309805,8.888326159,12.07462883,209.49
5.507328874,8.900987592,12.0877677,209.53
5.521559698,8.913649025,12.10090658,209.57
5.535790522,8.926310458,12.11404546,209.61
5.550021346,8.938971892,12.12718434,209.65
5.56425217,8.951633325,12.14032322,209.69
5.578482994,8.964294758,12.15346209,209.73
5.592713818,8.976956191,12.16660097,209.77
5.606944642,8.989617625,12.17973985,209.81
5.621175466,9.002279058,12.19287873,209.85
5.63540629,9.014940491,12.20601761,209.89
5.649637114,9.027601925,12.21915648,209.93
5.663867938,9.040263358,12.23229536,209.97
5.678098762,9.052924791,12.24543424,210.01
5.692329586,9.065586224,12.25857312,210.05
5.70656041,9.078247658,12.271712,210.09
5.720791234,9.090909091,12.28485087,210.13
5.735022058,9.103570524,12.29798975,210.17
5.749252882,9.116231957,12.31112863,210.21
5.763483706,9.128893391,12.32426751,210.25
5.77771453,9.141554824,12.33740639,210.29
5.791945354,9.154216257,12.35054526,210.33
5.806176178,9.166877691,12.36368414,210.37
5.820407002,9.179539124,12.37682302,210.41
5.834637826,9.192200557,12.3899619,210.45
5.848868649,9.20486199,12.40310078,210.49
5.863099473,9.217523424,12.41623965,210.53
5.877330297,9.230184857,12.42937853,210.57
5.891561121,9.24284629,12.44251741,210.61
5.905791945,9.255507723,12.45565629,210.65
5.920022769,9.268169157,12.46879516,210.69
5.934253593,9.28083059,12.48193404,210.73
5.948484417,9.293492023,12.49507292,210.77
5.962715241,9.306153457,12.5082118,210.81
5.976946065,9.31881489,12.52135068,210.85
5.991176889,9.331476323,12.53448955,210.89
6.005407713,9.344137756,12.54762843,210.93
6.019638537,9.35679919,12.56076731,210.97
6.033869361,9.369460623,12.57390619,211.01
6.048100185,9.382122056,12.58704507,211.05
6.062331009,9.394783489,12.60018394,211.09
6.076561833,9.407444923,12.61332282,211.13
6.090792657,9.420106356,12.6264617,211.17
6.105023481,9.432767789,12.63960058,211.21
6.119254305,9.445429223,12.65273946,211.25
6.133485129,9.458090656,12.66587833,211.29
6.147715953,9.470752089,12.67901721,211.33
6.161946777,9.483413522,12.69215609,211.37
6.176177601,9.496074956,12.70529497,211.41
6.190408425,9.508736389,12.71843385,211.45
6.204639249,9.521397822,12.73157272,211.49
6.218870073,9.534059256,12.7447116,211.53
6.233100897,9.546720689,12.75785048,211.57
6.247331721,9.559382122,12.77098936,211.61
6.261562544,9.572043555,12.78412824,211.65
6.275793368,9.584704989,12.79726711,211.69
6.290024192,9.597366422,12.81040599,211.73
6.304255016,9.610027855,12.82354487,211.77
6.31848584,9.622689288,12.83668375,211.81
6.332716664,9.635350722,12.84982263,211.85
6.346947488,9.648012155,12.8629615,211.89
6.361178312,9.660673588,12.87610038,211.93
6.375409136,9.673335022,12.88923926,211.97
6.38963996,9.685996455,12.90237814,212.01
6.403870784,9.698657888,12.91551701,212.05
6.418101608,9.711319321,12.92865589,212.09
6.432332432,9.723980755,12.94179477,212.13
6.446563256,9.736642188,12.95493365,212.17
6.46079408,9.749303621,12.96807253,212.21
6.475024904,9.761965054,12.9812114,212.25
6.489255728,9.774626488,12.99435028,212.29
6.503486552,9.787287921,13.00748916,212.33
6.517717376,9.799949354,13.02062804,212.37
6.5319482,9.812610788,13.03376692,212.41
6.546179024,9.825272221,13.04690579,212.45
6.560409848,9.837933654,13.06004467,212.49
6.574640672,9.850595087,13.07318355,212.53
6.588871496,9.863256521,13.08632243,212.57
6.60310232,9.875917954,13.09946131,212.61
6.617333144,9.888579387,13.11260018,212.65
6.631563968,9.90124082,13.12573906,212.69
6.645794792,9.913902254,13.13887794,212.73
6.660025615,9.926563687,13.15201682,212.77
6.674256439,9.93922512,13.1651557,212.81
6.688487263,9.951886554,13.17829457,212.85
6.702718087,9.964547987,13.19143345,212.89
6.716948911,9.97720942,13.20457233,212.93
6.731179735,9.989870853,13.21771121,212.97
6.745410559,10.00253229,13.23085009,213.01
6.759641383,10.01519372,13.24398896,213.05
6.773872207,10.02785515,13.25712784,213.09
6.788103031,10.04051659,13.27026672,213.13
6.802333855,10.05317802,13.2834056,213.17
6.816564679,10.06583945,13.29654448,213.21
6.830795503,10.07850089,13.30968335,213.25
6.845026327,10.09116232,13.32282223,213.29
6.859257151,10.10382375,13.33596111,213.33
6.873487975,10.11648519,13.34909999,213.37
6.887718799,10.12914662,13.36223886,213.41
6.901949623,10.14180805,13.37537774,213.45
6.916180447,10.15446949,13.38851662,213.49
6.930411271,10.16713092,13.4016555,213.53
6.944642095,10.17979235,13.41479438,213.57
6.958872919,10.19245379,13.42793325,213.61
6.973103743,10.20511522,13.44107213,213.65
6.987334567,10.21777665,13.45421101,213.69
7.001565391,10.23043809,13.46734989,213.73
7.015796215,10.24309952,13.48048877,213.77
7.030027039,10.25576095,13.49362764,213.81
7.044257863,10.26842239,13.50676652,213.85
7.058488686,10.28108382,13.5199054,213.89
7.07271951,10.29374525,13.53304428,213.93
7.086950334,10.30640669,13.54618316,213.97
7.101181158,10.31906812,13.55932203,214.01
7.115411982,10.33172955,13.57246091,214.05
7.129642806,10.34439099,13.58559979,214.09
7.14387363,10.35705242,13.59873867,214.13
7.158104454,10.36971385,13.61187755,214.17
7.172335278,10.38237528,13.62501642,214.21
7.186566102,10.39503672,13.6381553,214.25
7.200796926,10.40769815,13.65129418,214.29
7.21502775,10.42035958,13.66443306,214.33
7.229258574,10.43302102,13.67757194,214.37
7.243489398,10.44568245,13.69071081,214.41
7.257720222,10.45834388,13.70384969,214.45
7.271951046,10.47100532,13.71698857,214.49
7.28618187,10.48366675,13.73012745,214.53
7.300412694,10.49632818,13.74326633,214.57
7.314643518,10.50898962,13.7564052,214.61
7.328874342,10.52165105,13.76954408,214.65
7.343105166,10.53431248,13.78268296,214.69
7.35733599,10.54697392,13.79582184,214.73
7.371566814,10.55963535,13.80896071,214.77
7.385797638,10.57229678,13.82209959,214.81
7.400028462,10.58495822,13.83523847,214.85
7.414259286,10.59761965,13.84837735,214.89
7.42849011,10.61028108,13.86151623,214.93
7.442720934,10.62294252,13.8746551,214.97
7.456951758,10.63560395,13.88779398,215.01
7.471182581,10.64826538,13.90093286,215.05
7.485413405,10.66092682,13.91407174,215.09
7.499644229,10.67358825,13.92721062,215.13
7.513875053,10.68624968,13.94034949,215.17
7.528105877,10.69891112,13.95348837,215.21
7.542336701,10.71157255,13.96662725,215.25
7.556567525,10.72423398,13.97976613,215.29
7.570798349,10.73689542,13.99290501,215.33
7.585029173,10.74955685,14.00604388,215.37
7.599259997,10.76221828,14.01918276,215.41
7.613490821,10.77487972,14.03232164,215.45
7.627721645,10.78754115,14.04546052,215.49
7.641952469,10.80020258,14.0585994,215.53
7.656183293,10.81286402,14.07173827,215.57
7.670414117,10.82552545,14.08487715,215.61
7.684644941,10.83818688,14.09801603,215.65
7.698875765,10.85084832,14.11115491,215.69
7.713106589,10.86350975,14.12429379,215.73
7.727337413,10.87617118,14.13743266,215.77
7.741568237,10.88883262,14.15057154,215.81
7.755799061,10.90149405,14.16371042,215.85
7.770029885,10.91415548,14.1768493,215.89
7.784260709,10.92681692,14.18998818,215.93
7.798491533,10.93947835,14.20312705,215.97
7.812722357,10.95213978,14.21626593,216.01
7.826953181,10.96480122,14.22940481,216.05
7.841184005,10.97746265,14.24254369,216.09
7.855414829,10.99012408,14.25568256,216.13
7.869645652,11.00278552,14.26882144,216.17
7.883876476,11.01544695,14.28196032,216.21
7.8981073,11.02810838,14.2950992,216.25
7.912338124,11.04076982,14.30823808,216.29
7.926568948,11.05343125,14.32137695,216.33
7.940799772,11.06609268,14.33451583,216.37
7.955030596,11.07875411,14.34765471,216.41
7.96926142,11.09141555,14.36079359,216.45
7.983492244,11.10407698,14.37393247,216.49
7.997723068,11.11673841,14.38707134,216.53
8.011953892,11.12939985,14.40021022,216.57
8.026184716,11.14206128,14.4133491,216.61
8.04041554,11.15472271,14.42648798,216.65
8.054646364,11.16738415,14.43962686,216.69
8.068877188,11.18004558,14.45276573,216.73
8.083108012,11.19270701,14.46590461,216.77
8.097338836,11.20536845,14.47904349,216.81
8.11156966,11.21802988,14.49218237,216.85
8.125800484,11.23069131,14.50532125,216.89
8.140031308,11.24335275,14.51846012,216.93
8.154262132,11.25601418,14.531599,216.97
8.168492956,11.26867561,14.54473788,217.01
8.18272378,11.28133705,14.55787676,217.05
8.196954604,11.29399848,14.57101564,217.09
8.211185428,11.30665991,14.58415451,217.13
8.225416252,11.31932135,14.59729339,217.17
8.239647076,11.33198278,14.61043227,217.21
8.2538779,11.34464421,14.62357115,217.25
8.268108723,11.35730565,14.63671002,217.29
8.282339547,11.36996708,14.6498489,217.33
8.296570371,11.38262851,14.66298778,217.37
8.310801195,11.39528995,14.67612666,217.41
8.325032019,11.40795138,14.68926554,217.45
8.339262843,11.42061281,14.70240441,217.49
8.353493667,11.43327425,14.71554329,217.53
8.367724491,11.44593568,14.72868217,217.57
8.381955315,11.45859711,14.74182105,217.61
8.396186139,11.47125855,14.75495993,217.65
8.410416963,11.48391998,14.7680988,217.69
8.424647787,11.49658141,14.78123768,217.73
8.438878611,11.50924285,14.79437656,217.77
8.453109435,11.52190428,14.80751544,217.81
8.467340259,11.53456571,14.82065432,217.85
8.481571083,11.54722715,14.83379319,217.89
8.495801907,11.55988858,14.84693207,217.93
8.510032731,11.57255001,14.86007095,217.97
8.524263555,11.58521145,14.87320983,218.01
8.538494379,11.59787288,14.88634871,218.05
8.552725203,11.61053431,14.89948758,218.09
8.566956027,11.62319575,14.91262646,218.13
8.581186851,11.63585718,14.92576534,218.17
8.595417675,11.64851861,14.93890422,218.21
8.609648499,11.66118005,14.9520431,218.25
8.623879323,11.67384148,14.96518197,218.29
8.638110147,11.68650291,14.97832085,218.33
8.652340971,11.69916435,14.99145973,218.37
8.666571795,11.71182578,15.00459861,218.41
8.680802618,11.72448721,15.01773749,218.45
8.695033442,11.73714865,15.03087636,218.49
8.709264266,11.74981008,15.04401524,218.53
8.72349509,11.76247151,15.05715412,218.57
8.737725914,11.77513295,15.070293,218.61
8.751956738,11.78779438,15.08343187,218.65
8.766187562,11.80045581,15.09657075,218.69
8.780418386,11.81311724,15.10970963,218.73
8.79464921,11.82577868,15.12284851,218.77
8.808880034,11.83844011,15.13598739,218.81
8.823110858,11.85110154,15.14912626,218.85
8.837341682,11.86376298,15.16226514,218.89
8.851572506,11.87642441,15.17540402,218.93
8.86580333,11.88908584,15.1885429,218.97
8.880034154,11.90174728,15.20168178,219.01
8.894264978,11.91440871,15.21482065,219.05
8.908495802,11.92707014,15.22795953,219.09
8.922726626,11.93973158,15.24109841,219.13
8.93695745,11.95239301,15.25423729,219.17
8.951188274,11.96505444,15.26737617,219.21
8.965419098,11.97771588,15.28051504,219.25
8.979649922,11.99037731,15.29365392,219.29
8.993880746,12.00303874,15.3067928,219.33
9.00811157,12.01570018,15.31993168,219.37
9.022342394,12.02836161,15.33307056,219.41
9.036573218,12.04102304,15.34620943,219.45
9.050804042,12.05368448,15.35934831,219.49
9.065034866,12.06634591,15.37248719,219.53
9.079265689,12.07900734,15.38562607,219.57
9.093496513,12.09166878,15.39876495,219.61
9.107727337,12.10433021,15.41190382,219.65
9.121958161,12.11699164,15.4250427,219.69
9.136188985,12.12965308,15.43818158,219.73
9.150419809,12.14231451,15.45132046,219.77
9.164650633,12.15497594,15.46445934,219.81
9.178881457,12.16763738,15.47759821,219.85
9.193112281,12.18029881,15.49073709,219.89
9.207343105,12.19296024,15.50387597,219.93
9.221573929,12.20562168,15.51701485,219.97
9.235804753,12.21828311,15.53015372,220.01
9.250035577,12.23094454,15.5432926,220.05
9.264266401,12.24360598,15.55643148,220.09
9.278497225,12.25626741,15.56957036,220.13
9.292728049,12.26892884,15.58270924,220.17
9.306958873,12.28159028,15.59584811,220.21
9.321189697,12.29425171,15.60898699,220.25
9.335420521,12.30691314,15.62212587,220.29
9.349651345,12.31957458,15.63526475,220.33
9.363882169,12.33223601,15.64840363,220.37
9.378112993,12.34489744,15.6615425,220.41
9.392343817,12.35755888,15.67468138,220.45
9.406574641,12.37022031,15.68782026,220.49
9.420805465,12.38288174,15.70095914,220.53
9.435036289,12.39554318,15.71409802,220.57
9.449267113,12.40820461,15.72723689,220.61
9.463497937,12.42086604,15.74037577,220.65
9.47772876,12.43352748,15.75351465,220.69
9.491959584,12.44618891,15.76665353,220.73
9.506190408,12.45885034,15.77979241,220.77
9.520421232,12.47151178,15.79293128,220.81
9.534652056,12.48417321,15.80607016,220.85
9.54888288,12.49683464,15.81920904,220.89
9.563113704,12.50949607,15.83234792,220.93
9.577344528,12.52215751,15.8454868,220.97
9.591575352,12.53481894,15.85862567,221.01
9.605806176,12.54748037,15.87176455,221.05
9.620037,12.56014181,15.88490343,221.09
9.634267824,12.57280324,15.89804231,221.13
9.648498648,12.58546467,15.91118119,221.17
9.662729472,12.59812611,15.92432006,221.21
9.676960296,12.61078754,15.93745894,221.25
9.69119112,12.62344897,15.95059782,221.29
9.705421944,12.63611041,15.9637367,221.33
9.719652768,12.64877184,15.97687557,221.37
9.733883592,12.66143327,15.99001445,221.41
9.748114416,12.67409471,16.00315333,221.45
9.76234524,12.68675614,16.01629221,221.49
9.776576064,12.69941757,16.02943109,221.53
9.790806888,12.71207901,16.04256996,221.57
9.805037712,12.72474044,16.05570884,221.61
9.819268536,12.73740187,16.06884772,221.65
9.83349936,12.75006331,16.0819866,221.69
9.847730184,12.76272474,16.09512548,221.73
9.861961008,12.77538617,16.10826435,221.77
9.876191832,12.78804761,16.12140323,221.81
9.890422655,12.80070904,16.13454211,221.85
9.904653479,12.81337047,16.14768099,221.89
9.918884303,12.82603191,16.16081987,221.93
9.933115127,12.83869334,16.17395874,221.97
9.947345951,12.85135477,16.18709762,222.01
9.961576775,12.86401621,16.2002365,222.05
9.975807599,12.87667764,16.21337538,222.09
9.990038423,12.88933907,16.22651426,222.13
10.00426925,12.90200051,16.23965313,222.17
10.01850007,12.91466194,16.25279201,222.21
10.0327309,12.92732337,16.26593089,222.25
10.04696172,12.93998481,16.27906977,222.29
10.06119254,12.95264624,16.29220865,222.33
10.07542337,12.96530767,16.30534752,222.37
10.08965419,12.97796911,16.3184864,222.41
10.10388501,12.99063054,16.33162528,222.45
10.11811584,13.00329197,16.34476416,222.49
10.13234666,13.01595341,16.35790304,222.53
10.14657749,13.02861484,16.37104191,222.57
10.16080831,13.04127627,16.38418079,222.61
10.17503913,13.05393771,16.39731967,222.65
10.18926996,13.06659914,16.41045855,222.69
10.20350078,13.07926057,16.42359742,222.73
10.21773161,13.09192201,16.4367363,222.77
10.23196243,13.10458344,16.44987518,222.81
10.24619325,13.11724487,16.46301406,222.85
10.26042408,13.12990631,16.47615294,222.89
10.2746549,13.14256774,16.48929181,222.93
10.28888573,13.15522917,16.50243069,222.97
10.30311655,13.16789061,16.51556957,223.01
10.31734737,13.18055204,16.52870845,223.05
10.3315782,13.19321347,16.54184733,223.09
10.34580902,13.20587491,16.5549862,223.13
10.36003985,13.21853634,16.56812508,223.17
10.37427067,13.23119777,16.58126396,223.21
10.38850149,13.2438592,16.59440284,223.25
10.40273232,13.25652064,16.60754172,223.29
10.41696314,13.26918207,16.62068059,223.33
10.43119397,13.2818435,16.63381947,223.37
10.44542479,13.29450494,16.64695835,223.41
10.45965561,13.30716637,16.66009723,223.45
10.47388644,13.3198278,16.67323611,223.49
10.48811726,13.33248924,16.68637498,223.53
10.50234809,13.34515067,16.69951386,223.57
10.51657891,13.3578121,16.71265274,223.61
10.53080973,13.37047354,16.72579162,223.65
10.54504056,13.38313497,16.7389305,223.69
10.55927138,13.3957964,16.75206937,223.73
10.57350221,13.40845784,16.76520825,223.77
10.58773303,13.42111927,16.77834713,223.81
10.60196385,13.4337807,16.79148601,223.85
10.61619468,13.44644214,16.80462489,223.89
10.6304255,13.45910357,16.81776376,223.93
10.64465633,13.471765,16.83090264,223.97
10.65888715,13.48442644,16.84404152,224.01
10.67311797,13.49708787,16.8571804,224.05
10.6873488,13.5097493,16.87031927,224.09
10.70157962,13.52241074,16.88345815,224.13
10.71581045,13.53507217,16.89659703,224.17
10.73004127,13.5477336,16.90973591,224.21
10.74427209,13.56039504,16.92287479,224.25
10.75850292,13.57305647,16.93601366,224.29
10.77273374,13.5857179,16.94915254,224.33
10.78696457,13.59837934,16.96229142,224.37
10.80119539,13.61104077,16.9754303,224.41
10.81542621,13.6237022,16.98856918,224.45
10.82965704,13.63636364,17.00170805,224.49
10.84388786,13.64902507,17.01484693,224.53
10.85811869,13.6616865,17.02798581,224.57
10.87234951,13.67434794,17.04112469,224.61
10.88658033,13.68700937,17.05426357,224.65
10.90081116,13.6996708,17.06740244,224.69
10.91504198,13.71233224,17.08054132,224.73
10.9292728,13.72499367,17.0936802,224.77
10.94350363,13.7376551,17.10681908,224.81
10.95773445,13.75031654,17.11995796,224.85
10.97196528,13.76297797,17.13309683,224.89
10.9861961,13.7756394,17.14623571,224.93
11.00042692,13.78830084,17.15937459,224.97
11.01465775,13.80096227,17.17251347,225.01
11.02888857,13.8136237,17.18565235,225.05
11.0431194,13.82628514,17.19879122,225.09
11.05735022,13.83894657,17.2119301,225.13
11.07158104,13.851608,17.22506898,225.17
11.08581187,13.86426944,17.23820786,225.21
11.10004269,13.87693087,17.25134673,225.25
11.11427352,13.8895923,17.26448561,225.29
11.12850434,13.90225374,17.27762449,225.33
11.14273516,13.91491517,17.29076337,225.37
11.15696599,13.9275766,17.30390225,225.41
11.17119681,13.94023803,17.31704112,225.45
11.18542764,13.95289947,17.33018,225.49
11.19965846,13.9655609,17.34331888,225.53
11.21388928,13.97822233,17.35645776,225.57
11.22812011,13.99088377,17.36959664,225.61
11.24235093,14.0035452,17.38273551,225.65
11.25658176,14.01620663,17.39587439,225.69
11.27081258,14.02886807,17.40901327,225.73
11.2850434,14.0415295,17.42215215,225.77
11.29927423,14.05419093,17.43529103,225.81
11.31350505,14.06685237,17.4484299,225.85
11.32773588,14.0795138,17.46156878,225.89
11.3419667,14.09217523,17.47470766,225.93
11.35619752,14.10483667,17.48784654,225.97
11.37042835,14.1174981,17.50098542,226.01
11.38465917,14.13015953,17.51412429,226.05
11.39889,14.14282097,17.52726317,226.09
11.41312082,14.1554824,17.54040205,226.13
11.42735164,14.16814383,17.55354093,226.17
11.44158247,14.18080527,17.56667981,226.21
11.45581329,14.1934667,17.57981868,226.25
11.47004412,14.20612813,17.59295756,226.29
11.48427494,14.21878957,17.60609644,226.33
11.49850576,14.231451,17.61923532,226.37
11.51273659,14.24411243,17.6323742,226.41
11.52696741,14.25677387,17.64551307,226.45
11.54119824,14.2694353,17.65865195,226.49
11.55542906,14.28209673,17.67179083,226.53
11.56965988,14.29475817,17.68492971,226.57
11.58389071,14.3074196,17.69806858,226.61
11.59812153,14.32008103,17.71120746,226.65
11.61235236,14.33274247,17.72434634,226.69
11.62658318,14.3454039,17.73748522,226.73
11.640814,14.35806533,17.7506241,226.77
11.65504483,14.37072677,17.76376297,226.81
11.66927565,14.3833882,17.77690185,226.85
11.68350648,14.39604963,17.79004073,226.89
11.6977373,14.40871107,17.80317961,226.93
11.71196812,14.4213725,17.81631849,226.97
11.72619895,14.43403393,17.82945736,227.01
11.74042977,14.44669537,17.84259624,227.05
11.75466059,14.4593568,17.85573512,227.09
11.76889142,14.47201823,17.868874,227.13
11.78312224,14.48467967,17.88201288,227.17
11.79735307,14.4973411,17.89515175,227.21
11.81158389,14.51000253,17.90829063,227.25
11.82581471,14.52266397,17.92142951,227.29
11.84004554,14.5353254,17.93456839,227.33
11.85427636,14.54798683,17.94770727,227.37
11.86850719,14.56064827,17.96084614,227.41
11.88273801,14.5733097,17.97398502,227.45
11.89696883,14.58597113,17.9871239,227.49
11.91119966,14.59863257,18.00026278,227.53
11.92543048,14.611294,18.01340166,227.57
11.93966131,14.62395543,18.02654053,227.61
11.95389213,14.63661687,18.03967941,227.65
11.96812295,14.6492783,18.05281829,227.69
11.98235378,14.66193973,18.06595717,227.73
11.9965846,14.67460116,18.07909605,227.77
12.01081543,14.6872626,18.09223492,227.81
12.02504625,14.69992403,18.1053738,227.85
12.03927707,14.71258546,18.11851268,227.89
12.0535079,14.7252469,18.13165156,227.93
12.06773872,14.73790833,18.14479043,227.97
12.08196955,14.75056976,18.15792931,228.01
12.09620037,14.7632312,18.17106819,228.05
12.11043119,14.77589263,18.18420707,228.09
12.12466202,14.78855406,18.19734595,228.13
12.13889284,14.8012155,18.21048482,228.17
12.15312367,14.81387693,18.2236237,228.21
12.16735449,14.82653836,18.23676258,228.25
12.18158531,14.8391998,18.24990146,228.29
12.19581614,14.85186123,18.26304034,228.33
12.21004696,14.86452266,18.27617921,228.37
12.22427779,14.8771841,18.28931809,228.41
12.23850861,14.88984553,18.30245697,228.45
12.25273943,14.90250696,18.31559585,228.49
12.26697026,14.9151684,18.32873473,228.53
12.28120108,14.92782983,18.3418736,228.57
12.29543191,14.94049126,18.35501248,228.61
12.30966273,14.9531527,18.36815136,228.65
12.32389355,14.96581413,18.38129024,228.69
12.33812438,14.97847556,18.39442912,228.73
12.3523552,14.991137,18.40756799,228.77
12.36658603,15.00379843,18.42070687,228.81
12.38081685,15.01645986,18.43384575,228.85
12.39504767,15.0291213,18.44698463,228.89
12.4092785,15.04178273,18.46012351,228.93