13.0638964,11.63585718,12.07462883,0,275.0342735
13.07812722,11.64851861,12.0877677,0.1,274.001543
13.09235805,11.66118005,12.10090658,0.15,274.3093422
13.10658887,11.67384148,12.11404546,0.2,275.962194
13.1208197,11.68650291,12.12718434,0.25,276.2715008
13.13505052,11.69916435,12.14032322,0.3,276.5808076
13.14928134,11.71182578,12.15346209,0.35,275.5405392
13.16351217,11.72448721,12.16660097,0.4,277.1994212
13.17774299,11.73714865,12.17973985,0.45,276.1561376
13.19197382,11.74981008,12.19287873,0.5,276.4639369
13.20620464,11.76247151,12.20601761,0.55,278.1273417
13.22043546,11.77513295,12.21915648,0.6,277.0795354
13.23466629,11.78779438,12.23229536,0.65,278.7459553
13.24889711,11.80045581,12.24543424,0.7,279.0552621
13.26312794,11.81311724,12.25857312,0.75,278.0029331
13.27735876,11.82577868,12.271712,0.8,278.3107323
13.29158958,11.83844011,12.28485087,0.85,279.9831826
13.30582041,11.85110154,12.29798975,0.9,278.9263308
13.32005123,11.86376298,12.31112863,0.95,279.2341301
13.33428205,11.87642441,12.32426751,1,280.911103
13.34851288,11.88908584,12.33740639,1.05,281.2204099
13.3627437,11.90174728,12.35054526,1.1,280.1575278
13.37697453,11.91440871,12.36368414,1.15,281.8390235
13.39120535,11.92707014,12.37682302,1.2,282.1483303
13.40543617,11.93973158,12.3899619,1.25,282.4576371
13.419667,11.95239301,12.40310078,1.3,281.3887248
13.43389782,11.96505444,12.41623965,1.35,283.0762508
13.44812865,11.97771588,12.42937853,1.4,283.3855576
13.46235947,11.99037731,12.44251741,1.45,283.6948644
13.47659029,12.00303874,12.45565629,1.5,284.0041712
13.49082112,12.01570018,12.46879516,1.55,282.927721
13.50505194,12.02836161,12.48193404,1.6,284.6227849
13.51928277,12.04102304,12.49507292,1.65,283.5433195
13.53351359,12.05368448,12.5082118,1.7,283.8511187
13.54774441,12.06634591,12.52135068,1.75,284.158918
13.56197524,12.07900734,12.53448955,1.8,285.8600121
13.57620606,12.09166878,12.54762843,1.85,284.7745164
13.59043689,12.10433021,12.56076731,1.9,283.6860056
13.60466771,12.11699164,12.57390619,1.95,286.7879326
13.61889853,12.12965308,12.58704507,2,287.0972394
13.63312936,12.14231451,12.60018394,2.05,287.4065462
13.64736018,12.15497594,12.61332282,2.1,286.3135126
13.66159101,12.16763738,12.6264617,2.15,288.0251599
13.67582183,12.18029881,12.63960058,2.2,288.3344667
13.69005265,12.19296024,12.65273946,2.25,287.2369104
13.70428348,12.20562168,12.66587833,2.3,288.9530803
13.7185143,12.21828311,12.67901721,2.35,287.8525089
13.73274513,12.23094454,12.69215609,2.4,289.571694
13.74697595,12.24360598,12.70529497,2.45,288.4681073
13.76120677,12.25626741,12.71843385,2.5,290.1903076
13.7754376,12.26892884,12.73157272,2.55,290.4996144
13.78966842,12.28159028,12.7447116,2.6,289.3915051
13.80389925,12.29425171,12.75785048,2.65,289.6993043
13.81813007,12.30691314,12.77098936,2.7,291.4275349
13.83236089,12.31957458,12.78412824,2.75,291.7368417
13.84659172,12.33223601,12.79726711,2.8,290.622702
13.86082254,12.34489744,12.81040599,2.85,292.3554553
13.87505337,12.35755888,12.82354487,2.9,292.6647621
13.88928419,12.37022031,12.83668375,2.95,292.974069
13.90351501,12.38288174,12.84982263,3,291.853899
13.91774584,12.39554318,12.8629615,3.05,293.5926826
13.93197666,12.40820461,12.87610038,3.1,293.9019894
13.94620749,12.42086604,12.88923926,3.15,294.2112962
13.96043831,12.43352748,12.90237814,3.2,294.520603
13.97466913,12.44618891,12.91551701,3.25,294.8299099
13.98889996,12.45885034,12.92865589,3.3,295.1392167
14.00313078,12.47151178,12.94179477,3.35,296.8849351
14.01736161,12.48417321,12.95493365,3.4,295.7578303
14.03159243,12.49683464,12.96807253,3.45,294.6240922
14.04582325,12.50949607,12.9812114,3.5,296.376444
14.06005408,12.52215751,12.99435028,3.55,296.6857508
14.0742849,12.53481894,13.00748916,3.6,295.5474899
14.08851573,12.54748037,13.02062804,3.65,297.3043644
14.10274655,12.56014181,13.03376692,3.7,299.0606094
14.11697737,12.57280324,13.04690579,3.75,296.4708876
14.1312082,12.58546467,13.06004467,3.8,296.7786869
14.14543902,12.59812611,13.07318355,3.85,298.5415917
14.15966984,12.61078754,13.08632243,3.9,298.8508985
14.17390067,12.62344897,13.09946131,3.95,300.6146624
14.18813149,12.63611041,13.11260018,4,299.4695121
14.20236232,12.64877184,13.12573906,4.05,299.778819
14.21659314,12.66143327,13.13887794,4.1,301.5470942
14.23082396,12.67409471,13.15201682,4.15,301.8579048
14.24505479,12.68675614,13.1651557,4.2,302.1687154
14.25928561,12.69941757,13.17829457,4.25,301.0160462
14.27351644,12.71207901,13.19143345,4.3,301.325353
14.28774726,12.72474044,13.20457233,4.35,303.1011472
14.30197808,12.73740187,13.21771121,4.4,301.9439667
14.31620891,12.75006331,13.23085009,4.45,303.7227685
14.33043973,12.76272474,13.24398896,4.5,302.5625803
14.34467056,12.77538617,13.25712784,4.55,304.3443897
14.35890138,12.78804761,13.27026672,4.6,303.181194
14.3731322,12.80070904,13.2834056,4.65,304.9660109
14.38736303,12.81337047,13.29654448,4.7,305.2768215
14.40159385,12.82603191,13.30968335,4.75,302.6268725
14.41582468,12.83869334,13.32282223,4.8,302.9346717
14.4300555,12.85135477,13.33596111,4.85,304.727728
14.44428632,12.86401621,13.34909999,4.9,303.5502702
14.45851715,12.87667764,13.36223886,4.95,305.3463417
14.47274797,12.88933907,13.37537774,5,304.1658687
14.4869788,12.90200051,13.38851662,5.05,307.4524957
14.50120962,12.91466194,13.4016555,5.1,304.7814672
14.51544044,12.92732337,13.41479438,5.15,306.583569
14.52967127,12.93998481,13.42793325,5.2,308.3849275
14.54390209,12.95264624,13.44107213,5.25,308.6957382
14.55813292,12.96530767,13.45421101,5.3,309.0065488
14.57236374,12.97796911,13.46734989,5.35,306.3204634
14.58659456,12.99063054,13.48048877,5.4,308.130103
14.60082539,13.00329197,13.49362764,5.45,306.9360619
14.61505621,13.01595341,13.50676652,5.5,310.2497912
14.62928704,13.02861484,13.5199054,5.55,309.0580235
14.64351786,13.04127627,13.53304428,5.6,310.8714124
14.65774868,13.05393771,13.54618316,5.65,311.182223
14.67197951,13.06659914,13.55932203,5.7,311.4930336
14.68621033,13.07926057,13.57246091,5.75,311.8038442
14.70044116,13.09192201,13.58559979,5.8,312.1146548
14.71467198,13.10458344,13.59873867,5.85,310.9138644
14.7289028,13.11724487,13.61187755,5.9,312.736276
14.74313363,13.12990631,13.62501642,5.95,313.0470866
14.75736445,13.14256774,13.6381553,6,311.8417849
14.77159528,13.15522917,13.65129418,6.05,313.6687078
14.7858261,13.16789061,13.66443306,6.1,310.937452
14.80005692,13.18055204,13.67757194,6.15,314.2903291
14.81428775,13.19321347,13.69071081,6.2,313.0790121
14.82851857,13.20587491,13.70384969,6.25,314.9119503
14.8427494,13.21853634,13.71698857,6.3,315.2227609
14.85698022,13.23119777,13.73012745,6.35,315.5335715
14.87121104,13.2438592,13.74326633,6.4,315.8443821
14.88544187,13.25652064,13.7564052,6.45,313.0920467
14.89967269,13.26918207,13.76954408,6.5,316.4660033
14.91390352,13.2818435,13.78268296,6.55,316.7768139
14.92813434,13.29450494,13.79582184,6.6,317.0876245
14.94236516,13.30716637,13.80896071,6.65,317.3984351
14.95659599,13.3198278,13.82209959,6.7,316.1720803
14.97082681,13.33248924,13.83523847,6.75,318.0200563
14.98505763,13.34515067,13.84837735,6.8,315.2466414
14.99928846,13.3578121,13.86151623,6.85,318.6416775
15.01351928,13.37047354,13.8746551,6.9,318.9524882
15.02775011,13.38313497,13.88779398,6.95,319.2632988
15.04198093,13.3957964,13.90093286,7,319.5741094
15.05621175,13.40845784,13.91407174,7.05,319.88492
15.07044258,13.42111927,13.92721062,7.1,320.1957306
15.0846734,13.4337807,13.94034949,7.15,320.5065412
15.09890423,13.44644214,13.95348837,7.2,320.8173518
15.11313505,13.45910357,13.96662725,7.25,319.5744553
15.12736587,13.471765,13.97976613,7.3,321.438973
15.1415967,13.48442644,13.99290501,7.35,320.193069
15.15582752,13.49708787,14.00604388,7.4,322.0605942
15.17005835,13.5097493,14.01918276,7.45,322.3714048
15.18428917,13.52241074,14.03232164,7.5,322.6822154
15.19851999,13.53507217,14.04546052,7.55,322.993026
15.21275082,13.5477336,14.0585994,7.6,323.3038366
15.22698164,13.56039504,14.07173827,7.65,323.6146472
15.24121247,13.57305647,14.08487715,7.7,323.9254578
15.25544329,13.5857179,14.09801603,7.75,324.2362685
15.26967411,13.59837934,14.11115491,7.8,324.5470791
15.28390494,13.61104077,14.12429379,7.85,324.8578897
15.29813576,13.6237022,14.13743266,7.9,325.1687003
15.31236659,13.63636364,14.15057154,7.95,325.4795109
15.32659741,13.64902507,14.16371042,8,325.7903215
15.34082823,13.6616865,14.1768493,8.05,326.1011321
15.35505906,13.67434794,14.18998818,8.1,326.4119427
15.36928988,13.68700937,14.20312705,8.15,326.7227533
15.38352071,13.6996708,14.21626593,8.2,327.0335639
15.39775153,13.71233224,14.22940481,8.25,327.3443745
15.41198235,13.72499367,14.24254369,8.3,327.6551851
15.42621318,13.7376551,14.25568256,8.35,327.9659957
15.440444,13.75031654,14.26882144,8.4,328.2768063
15.45467483,13.76297797,14.28196032,8.45,326.997819
15.46890565,13.7756394,14.2950992,8.5,328.8984275
15.48313647,13.78830084,14.30823808,8.55,329.2092382
15.4973673,13.80096227,14.32137695,8.6,329.5200488
15.51159812,13.8136237,14.33451583,8.65,329.8308594
15.52582895,13.82628514,14.34765471,8.7,330.14167
15.54005977,13.83894657,14.36079359,8.75,328.8536599
15.55429059,13.851608,14.37393247,8.8,330.7632912
15.56852142,13.86426944,14.38707134,8.85,332.6799649
15.58275224,13.87693087,14.40021022,8.9,331.3849124
15.59698307,13.8895923,14.4133491,8.95,331.695723
15.61121389,13.90225374,14.42648798,9,332.0065336
15.62544471,13.91491517,14.43962686,9.05,333.9292376
15.63967554,13.9275766,14.45276573,9.1,332.6281548
15.65390636,13.94023803,14.46590461,9.15,332.9389654
15.66813719,13.95289947,14.47904349,9.2,333.249776
15.68236801,13.9655609,14.49218237,9.25,333.5605866
15.69659883,13.97822233,14.50532125,9.3,335.4908285
15.71082966,13.99088377,14.51846012,9.35,334.1822078
15.72506048,14.0035452,14.531599,9.4,334.4930185
15.7392913,14.01620663,14.54473788,9.45,334.8038291
15.75352213,14.02886807,14.55787676,9.5,336.7401013
15.76775295,14.0415295,14.57101564,9.55,335.4254503
15.78198378,14.05419093,14.58415451,9.6,335.7362609
15.7962146,14.06685237,14.59729339,9.65,336.0470715
15.81044542,14.0795138,14.61043227,9.7,337.989374
15.82467625,14.09217523,14.62357115,9.75,336.6686927
15.83890707,14.10483667,14.63671002,9.8,336.9795033
15.8531379,14.1174981,14.6498489,9.85,337.2903139
15.86736872,14.13015953,14.66298778,9.9,339.2386467
15.88159954,14.14282097,14.67612666,9.95,339.5509649
15.89583037,14.1554824,14.68926554,10,338.2227457
15.91006119,14.16814383,14.70240441,10.05,338.5335563
15.92429202,14.18080527,14.71554329,10.1,340.4879195
15.93852284,14.1934667,14.72868217,10.15,340.8002376
15.95275366,14.20612813,14.74182105,10.2,341.1125558
15.96698449,14.21878957,14.75495993,10.25,341.424874
15.98121531,14.231451,14.7680988,10.3,340.0876094
15.99544614,14.24411243,14.78123768,10.35,342.0495104
16.00967696,14.25677387,14.79437656,10.4,340.7092306
16.02390778,14.2694353,14.80751544,10.45,342.6741467
16.03813861,14.28209673,14.82065432,10.5,342.9864649
16.05236943,14.29475817,14.83379319,10.55,341.6416624
16.06660026,14.3074196,14.84693207,10.6,341.952473
16.08083108,14.32008103,14.86007095,10.65,343.9234195
16.0950619,14.33274247,14.87320983,10.7,344.2357376
16.10929273,14.3454039,14.88634871,10.75,342.8849048
16.12352355,14.35806533,14.89948758,10.8,346.5250326
16.13775438,14.37072677,14.91262646,10.85,345.1726922
16.1519852,14.3833882,14.92576534,10.9,345.4850104
16.16621602,14.39604963,14.93890422,10.95,345.7973285
16.18044685,14.40871107,14.9520431,11,346.1096467
16.19467767,14.4213725,14.96518197,11.05,348.0941614
16.2089085,14.43403393,14.97832085,11.1,346.7342831
16.22313932,14.44669537,14.99145973,11.15,348.7218129
16.23737014,14.4593568,15.00459861,11.2,347.3589195
16.25160097,14.47201823,15.01773749,11.25,347.6712376
16.26583179,14.48467967,15.03087636,11.3,347.9835558
16.28006262,14.4973411,15.04401524,11.35,348.295874
16.29429344,14.51000253,15.05715412,11.4,348.6081922
16.30852426,14.52266397,15.070293,11.45,348.9205104
16.32275509,14.5353254,15.08343187,11.5,349.2328285
16.33698591,14.54798683,15.09657075,11.55,349.5451467
16.35121674,14.56064827,15.10970963,11.6,349.8574649
16.36544756,14.5733097,15.12284851,11.65,350.1697831
16.37967838,14.58597113,15.13598739,11.7,350.4821013
16.39390921,14.59863257,15.14912626,11.75,349.1011169
16.40814003,14.611294,15.16226514,11.8,351.1067376
16.42237086,14.62395543,15.17540402,11.85,351.4190558
16.43660168,14.63661687,15.1885429,11.9,351.731374
16.4508325,14.6492783,15.20168178,11.95,352.0436922
16.46506333,14.66193973,15.21482065,12,352.3560104
16.47929415,14.67460116,15.22795953,12.05,352.6683285
16.49352498,14.6872626,15.24109841,12.1,352.9806467
16.5077558,14.69992403,15.25423729,12.15,353.2929649
16.52198662,14.71258546,15.26737617,12.2,353.6052831
16.53621745,14.7252469,15.28051504,12.25,355.6259795
16.55044827,14.73790833,15.29365392,12.3,354.2299195
16.56467909,14.75056976,15.3067928,12.35,354.5422376
16.57890992,14.7632312,15.31993168,12.4,354.8545558
16.59314074,14.77589263,15.33307056,12.45,355.166874
16.60737157,14.78855406,15.34620943,12.5,355.4791922
16.62160239,14.8012155,15.35934831,12.55,357.5089341
16.63583321,14.81387693,15.37248719,12.6,356.1038285
16.65006404,14.82653836,15.38562607,12.65,356.4161467
16.66429486,14.8391998,15.39876495,12.7,356.7284649
16.67852569,14.85186123,15.41190382,12.75,357.0407831
16.69275651,14.86452266,15.4250427,12.8,357.3531013
16.70698733,14.8771841,15.43818158,12.85,359.3918886
16.72121816,14.88984553,15.45132046,12.9,357.9777376
16.73544898,14.90250696,15.46445934,12.95,358.2900558
16.74967981,14.9151684,15.47759821,13,358.602374
16.76391063,14.92782983,15.49073709,13.05,358.9146922
16.77814145,14.94049126,15.50387597,13.1,362.6906677
16.79237228,14.9531527,15.51701485,13.15,359.5393285
16.8066031,14.96581413,15.53015372,13.2,359.8516467
16.82083393,14.97847556,15.5432926,13.25,360.1639649
16.83506475,14.991137,15.55643148,13.3,362.2163205
16.84929557,15.00379843,15.56957036,13.35,360.7886013
16.8635264,15.01645986,15.58270924,13.4,361.1009195
16.87775722,15.0291213,15.59584811,13.45,361.4132376
16.89198805,15.04178273,15.60898699,13.5,363.4716235
16.90621887,15.05444416,15.62212587,13.55,362.037874
16.92044969,15.0671056,15.63526475,13.6,362.3501922
16.93468052,15.07976703,15.64840363,13.65,362.6625104
16.94891134,15.09242846,15.6615425,13.7,362.9748285
16.96314217,15.1050899,15.67468138,13.75,365.0407523
16.97737299,15.11775133,15.68782026,13.8,365.354578
16.99160381,15.13041276,15.70095914,13.85,363.9117831
17.00583464,15.1430742,15.71409802,13.9,365.9822295
17.02006546,15.15573563,15.72723689,13.95,364.5364195
17.03429629,15.16839706,15.74037577,14,364.8487376
17.04852711,15.1810585,15.75351465,14.05,365.1610558
17.06275793,15.19371993,15.76665353,14.1,365.473374
17.07698876,15.20638136,15.77979241,14.15,365.7856922
17.09121958,15.2190428,15.79293128,14.2,366.0980104
17.10545041,15.23170423,15.80607016,14.25,368.1790098
17.11968123,15.24436566,15.81920904,14.3,368.4928356
17.13391205,15.2570271,15.83234792,14.35,367.0349649
17.14814288,15.26968853,15.8454868,14.4,367.3472831
17.1623737,15.28234996,15.85862567,14.45,367.6596013
17.17660453,15.2950114,15.87176455,14.5,369.7481386
17.19083535,15.30767283,15.88490343,14.55,368.2842376
17.20506617,15.32033426,15.89804231,14.6,368.5965558
17.219297,15.3329957,15.91118119,14.65,368.908874
17.23352782,15.34565713,15.92432006,14.7,372.7812131
17.24775865,15.35831856,15.93745894,14.75,369.5335104
17.26198947,15.37097999,15.95059782,14.8,369.8458285
17.27622029,15.38364143,15.9637367,14.85,373.7272018
17.29045112,15.39630286,15.97687557,14.9,370.4704649
17.30468194,15.40896429,15.99001445,14.95,372.5725705
17.31891277,15.42162573,16.00315333,15,371.0951013
17.33314359,15.43428716,16.01629221,15.05,374.98852
17.34737441,15.44694859,16.02943109,15.1,373.5140477
17.36160524,15.45961003,16.04256996,15.15,375.619179
17.37583606,15.47227146,16.05570884,15.2,374.1416992
17.39006688,15.48493289,16.06884772,15.25,372.6566922
17.40429771,15.49759433,16.0819866,15.3,374.7693508
17.41852853,15.51025576,16.09512548,15.35,376.8804972
17.43275936,15.52291719,16.10826435,15.4,375.3970023
17.44699018,15.53557863,16.12140323,15.45,375.710828
17.461221,15.54824006,16.13454211,15.5,377.8264859
17.47545183,15.56090149,16.14768099,15.55,376.3384795
17.48968265,15.57356293,16.16081987,15.6,376.6523053
17.50391348,15.58622436,16.17395874,15.65,376.9661311
17.5181443,15.59888579,16.18709762,15.7,377.2799568
17.53237512,15.61154723,16.2002365,15.75,375.779874
17.54660595,15.62420866,16.21337538,15.8,377.9076083
17.56083677,15.63687009,16.22651426,15.85,378.2214341
17.5750676,15.64953153,16.23965313,15.9,378.5352598
17.58929842,15.66219296,16.25279201,15.95,378.8490856
17.60352924,15.67485439,16.26593089,16,379.1629114
17.61776007,15.68751583,16.27906977,16.05,381.2951109
17.63199089,15.70017726,16.29220865,16.1,381.6104404
17.64622172,15.71283869,16.30534752,16.15,378.2784195
17.66045254,15.72550013,16.3184864,16.2,382.2410995
17.67468336,15.73816156,16.33162528,16.25,380.7320401
17.68891419,15.75082299,16.34476416,16.3,381.0458659
17.70314501,15.76348443,16.35790304,16.35,381.3596917
17.71737584,15.77614586,16.37104191,16.4,381.6735174
17.73160666,15.78880729,16.38418079,16.45,381.9873432
17.74583748,15.80146873,16.39731967,16.5,382.3011689
17.76006831,15.81413016,16.41045855,16.55,384.4484063
17.77429913,15.82679159,16.42359742,16.6,382.9288205
17.78852996,15.83945303,16.4367363,16.65,383.2426462
17.80276078,15.85211446,16.44987518,16.7,385.394395
17.8169916,15.86477589,16.46301406,16.75,383.8702977
17.83122243,15.87743733,16.47615294,16.8,384.1841235
17.84545325,15.89009876,16.48929181,16.85,386.3403836
17.85968408,15.90276019,16.50243069,16.9,386.6557131
17.8739149,15.91542163,16.51556957,16.95,385.1256008
17.88814572,15.92808306,16.52870845,17,385.4394265
17.90237655,15.94074449,16.54184733,17.05,387.6017018
17.91660737,15.95340593,16.5549862,17.1,386.067078
17.9308382,15.96606736,16.56812508,17.15,388.2323609
17.94506902,15.97872879,16.58126396,17.2,388.5476904
17.95929984,15.99139023,16.59440284,17.25,387.0085553
17.97353067,16.00405166,16.60754172,17.3,389.1783495
17.98776149,16.01671309,16.62068059,17.35,389.493679
18.00199232,16.02937453,16.63381947,17.4,387.9500326
18.01622314,16.04203596,16.64695835,17.45,388.2638583
18.03045396,16.05469739,16.66009723,17.5,388.5776841
18.04468479,16.06735883,16.67323611,17.55,390.7549972
18.05891561,16.08002026,16.68637498,17.6,391.0703268
18.07314644,16.09268169,16.69951386,17.65,389.5191614
18.08737726,16.10534312,16.71265274,17.7,391.7009859
18.10160808,16.11800456,16.72579162,17.75,390.1468129
18.11583891,16.13066599,16.7389305,17.8,394.2073641
18.13006973,16.14332742,16.75206937,17.85,390.7744644
18.14430056,16.15598886,16.76520825,17.9,391.0882901
18.15853138,16.16865029,16.77834713,17.95,391.4021159
18.1727622,16.18131172,16.79148601,18,393.5929631
18.18699303,16.19397316,16.80462489,18.05,393.9082927
18.20122385,16.20663459,16.81776376,18.1,394.2236222
18.21545467,16.21929602,16.83090264,18.15,392.6574189
18.2296855,16.23195746,16.84404152,18.2,394.8542813
18.24391632,16.24461889,16.8571804,18.25,395.1696109
18.25814715,16.25728032,16.87031927,18.3,397.3757353
18.27237797,16.26994176,16.88345815,18.35,397.6925725
18.28660879,16.28260319,16.89659703,18.4,398.0094096
18.30083962,16.29526462,16.90973591,18.45,396.430929
18.31507044,16.30792606,16.92287479,18.5,394.8541992
18.32930127,16.32058749,16.93601366,18.55,395.168025
18.34353209,16.33324892,16.94915254,18.6,397.3769177
18.35776291,16.34591036,16.96229142,18.65,395.7956765
18.37199374,16.35857179,16.9754303,18.7,396.1095023
18.38622456,16.37123322,16.98856918,18.75,398.3229063
18.40045539,16.38389466,17.00170805,18.8,400.5441066
18.41468621,16.39655609,17.01484693,18.85,397.0509795
18.42891703,16.40921752,17.02798581,18.9,399.268895
18.44314786,16.42187896,17.04112469,18.95,397.6786311
18.45737868,16.43454039,17.05426357,19,399.899554
18.47160951,16.44720182,17.06740244,19.05,400.2148836
18.48584033,16.45986326,17.08054132,19.1,400.5302131
18.50007115,16.47252469,17.0936802,19.15,402.7619664
18.51430198,16.48518612,17.10681908,19.2,403.0788035
18.5285328,16.49784756,17.11995796,19.25,403.3956406
18.54276363,16.51050899,17.13309683,19.3,401.7915313
18.55699445,16.52317042,17.14623571,19.35,404.0293149
18.57122527,16.53583186,17.15937459,19.4,404.346152
18.5854561,16.54849329,17.17251347,19.45,404.6629891
18.59968692,16.56115472,17.18565235,19.5,404.9798263
18.61391775,16.57381616,17.19879122,19.55,405.2966634
18.62814857,16.58647759,17.2119301,19.6,405.6135005
18.64237939,16.59913902,17.22506898,19.65,405.9303376
18.65661022,16.61180046,17.23820786,19.7,406.2471747
18.67084104,16.62446189,17.25134673,19.75,406.5640119
18.68507187,16.63712332,17.26448561,19.8,406.880849
18.69930269,16.64978476,17.27762449,19.85,405.2601563
18.71353351,16.66244619,17.29076337,19.9,407.5145232
18.72776434,16.67510762,17.30390225,19.95,407.8313603
18.74199516,16.68776906,17.31704112,20,408.1481975
18.75622599,16.70043049,17.33018,20.05,406.5214745
18.77045681,16.71309192,17.34331888,20.1,406.836804
18.78468763,16.72575336,17.35645776,20.15,407.1521336
18.79891846,16.73841479,17.36959664,20.2,409.415546
18.81314928,16.75107622,17.38273551,20.25,409.7323831
18.82738011,16.76373766,17.39587439,20.3,408.0981222
18.84161093,16.77639909,17.40901327,20.35,408.4134518
18.85584175,16.78906052,17.42215215,20.4,408.7287813
18.87007258,16.80172195,17.43529103,20.45,409.0441109
18.8843034,16.81438339,17.4484299,20.5,409.3594404
18.89853423,16.82704482,17.46156878,20.55,411.6334058
18.91276505,16.83970625,17.47470766,20.6,409.9900995
18.92699587,16.85236769,17.48784654,20.65,412.26708
18.9412267,16.86502912,17.50098542,20.7,412.5839172
18.95545752,16.87769055,17.51412429,20.75,412.9007543
18.96968834,16.89035199,17.52726317,20.8,413.2175914
18.98391917,16.90301342,17.54040205,20.85,413.5344285
18.99814999,16.91567485,17.55354093,20.9,411.8820768
19.01238082,16.92833629,17.56667981,20.95,414.1681028
19.02661164,16.94099772,17.57981868,21,412.5127359
19.04084246,16.95365915,17.59295756,21.05,414.801777
19.05507329,16.96632059,17.60609644,21.1,413.143395
19.06930411,16.97898202,17.61923532,21.15,415.4354513
19.08353494,16.99164345,17.6323742,21.2,413.774054
19.09776576,17.00430489,17.64551307,21.25,416.0691255
19.11199658,17.01696632,17.65865195,21.3,416.3859626
19.12622741,17.02962775,17.67179083,21.35,416.7027997
19.14045823,17.04228919,17.68492971,21.4,417.0196369
19.15468906,17.05495062,17.69806858,21.45,417.336474
19.16891988,17.06761205,17.71120746,21.5,415.6660313
19.1831507,17.08027349,17.72434634,21.55,417.9701482
19.19738153,17.09293492,17.73748522,21.6,418.2869853
19.21161235,17.10559635,17.7506241,21.65,416.61202
19.22584318,17.11825779,17.76376297,21.7,420.9139697
19.240074,17.13091922,17.77690185,21.75,417.242679
19.25430482,17.14358065,17.79004073,21.8,421.5506591
19.26853565,17.15624209,17.80317961,21.85,419.871171
19.28276647,17.16890352,17.81631849,21.9,418.1886677
19.2969973,17.18156495,17.82945736,21.95,422.5056932
19.31122812,17.19422639,17.84259624,22,422.8240379
19.32545894,17.20688782,17.85573512,22.05,421.1385194
19.33968977,17.21954925,17.868874,22.1,421.4553566
19.35392059,17.23221069,17.88201288,22.15,423.779072
19.36815142,17.24487212,17.89515175,22.2,424.0974166
19.38238224,17.25753355,17.90829063,22.25,424.4157613
19.39661306,17.27019499,17.92142951,22.3,420.711304
19.41084389,17.28285642,17.93456839,22.35,425.0524507
19.42507471,17.29551785,17.94770727,22.4,425.3707954
19.43930554,17.30817929,17.96084614,22.45,425.6891401
19.45353636,17.32084072,17.97398502,22.5,426.0074848
19.46776718,17.33350215,17.9871239,22.55,422.2879518
19.48199801,17.34616359,18.00026278,22.6,426.6441742
19.49622883,17.35882502,18.01340166,22.65,424.9405649
19.51045966,17.37148645,18.02654053,22.7,427.2808636
19.52469048,17.38414789,18.03967941,22.75,427.5992083
19.5389213,17.39680932,18.05281829,22.8,427.917553
19.55315213,17.40947075,18.06595717,22.85,428.2358977
19.56738295,17.42213219,18.07909605,22.9,428.5542424
19.58161378,17.43479362,18.09223492,22.95,428.8725871
19.5958446,17.44745505,18.1053738,23,429.1909318
19.61007542,17.46011649,18.11851268,23.05,425.4412472
19.62430625,17.47277792,18.13165156,23.1,429.8276212
19.63853707,17.48543935,18.14479043,23.15,426.0719063
19.6527679,17.49810079,18.15792931,23.2,430.4643106
19.66699872,17.51076222,18.17106819,23.25,430.7826553
19.68122954,17.52342365,18.18420707,23.3,431.101
19.69546037,17.53608508,18.19734595,23.35,431.4193447
19.70969119,17.54874652,18.21048482,23.4,431.7376894
19.72392202,17.56140795,18.2236237,23.45,432.0560341
19.73815284,17.57406938,18.23676258,23.5,432.3743788
19.75238366,17.58673082,18.24990146,23.55,430.6436331
19.76661449,17.59939225,18.26304034,23.6,433.0110682
19.78084531,17.61205368,18.27617921,23.65,433.3294129
19.79507613,17.62471512,18.28931809,23.7,433.6477576
19.80930696,17.63737655,18.30245697,23.75,433.9661023
19.82353778,17.65003798,18.31559585,23.8,434.284447
19.83776861,17.66269942,18.32873473,23.85,434.6027916
19.85199943,17.67536085,18.3418736,23.9,434.9211363
19.86623025,17.68802228,18.35501248,23.95,435.239481
19.88046108,17.70068372,18.36815136,24,433.4951672
19.8946919,17.71334515,18.38129024,24.05,435.8761704
19.90892273,17.72600658,18.39442912,24.1,436.1945151
19.92315355,17.73866802,18.40756799,24.15,436.5128598
19.93738437,17.75132945,18.42070687,24.2,436.8312045
19.9516152,17.76399088,18.43384575,24.25,437.1495492
19.96584602,17.77665232,18.44698463,24.3,437.4678939
19.98007685,17.78931375,18.46012351,24.35,437.7862386
19.99430767,17.80197518,18.47326238,24.4,438.1045833
20.00853849,17.81463662,18.48640126,24.45,438.422928
20.02276932,17.82729805,18.49954014,24.5,440.8137866
20.03700014,17.83995948,18.51267902,24.55,439.0596174
20.05123097,17.85262092,18.5258179,24.6,439.3779621
20.06546179,17.86528235,18.53895677,24.65,439.6963068
20.07969261,17.87794378,18.55209565,24.7,440.0146515
20.09392344,17.89060522,18.56523453,24.75,440.3329962
20.10815426,17.90326665,18.57837341,24.8,440.6513409
20.12238509,17.91592808,18.59151228,24.85,440.9696856
20.13661591,17.92858952,18.60465116,24.9,441.2880303
20.15084673,17.94125095,18.61779004,24.95,441.606375
20.16507756,17.95391238,18.63092892,25,441.9247197
20.17930838,17.96657382,18.6440678,25.05,442.2430644
20.19353921,17.97923525,18.65720667,25.1,442.5614091
20.20777003,17.99189668,18.67034555,25.15,442.8797538
20.22200085,18.00455812,18.68348443,25.2,443.1980985
20.23623168,18.01721955,18.69662331,25.25,443.5164432
20.2504625,18.02988098,18.70976219,25.3,443.8347879
20.26469333,18.04254242,18.72290106,25.35,444.1531326
20.27892415,18.05520385,18.73603994,25.4,444.4714773
20.29315497,18.06786528,18.74917882,25.45,446.8909078
20.3073858,18.08052672,18.7623177,25.5,445.1081666
20.32161662,18.09318815,18.77545658,25.55,445.4265113
20.33584745,18.10584958,18.78859545,25.6,445.744856
20.35007827,18.11851102,18.80173433,25.65,448.1703018
20.36430909,18.13117245,18.81487321,25.7,446.3815454
20.37853992,18.14383388,18.82801209,25.75,446.6998901
20.39277074,18.15649532,18.84115097,25.8,447.0182348
20.40700157,18.16915675,18.85428984,25.85,447.3365795
20.42123239,18.18181818,18.86742872,25.9,447.6549242
20.43546321,18.19447962,18.8805676,25.95,450.0893927
20.44969404,18.20714105,18.89370648,26,452.5322028
20.46392486,18.21980248,18.90684536,26.05,448.6099583
20.47815569,18.23246391,18.91998423,26.1,448.928303
20.49238651,18.24512535,18.93312311,26.15,451.3687866
20.50661733,18.25778678,18.94626199,26.2,451.6886351
20.52084816,18.27044821,18.95940087,26.25,452.0084836
20.53507898,18.28310965,18.97253975,26.3,452.3283321
20.54930981,18.29577108,18.98567862,26.35,452.6481805
20.56354063,18.30843251,18.9988175,26.4,452.968029
20.57777145,18.32109395,19.01195638,26.45,453.2878775
20.59200228,18.33375538,19.02509526,26.5,453.607726
20.6062331,18.34641681,19.03823413,26.55,451.7934053
20.62046392,18.35907825,19.05137301,26.6,454.247423
20.63469475,18.37173968,19.06451189,26.65,454.5672715
20.64892557,18.38440111,19.07765077,26.7,454.8871199
20.6631564,18.39706255,19.09078965,26.75,455.2069684
20.67738722,18.40972398,19.10392852,26.8,457.6738997
20.69161804,18.42238541,19.1170674,26.85,455.8466654
20.70584887,18.43504685,19.13020628,26.9,456.1665139
20.72007969,18.44770828,19.14334516,26.95,456.4863624
20.73431052,18.46036971,19.15648404,27,456.8062108
20.74854134,18.47303115,19.16962291,27.05,457.1260593
20.76277216,18.48569258,19.18276179,27.1,457.4459078
20.77700299,18.49835401,19.19590067,27.15,457.7657563
20.79123381,18.51101545,19.20903955,27.2,460.2447482
20.80546464,18.52367688,19.22217843,27.25,458.4054533
20.81969546,18.53633831,19.2353173,27.3,460.8874603
20.83392628,18.54899975,19.24845618,27.35,459.0451502
20.84815711,18.56166118,19.26159506,27.4,459.3649987
20.86238793,18.57432261,19.27473394,27.45,459.6848472
20.87661876,18.58698405,19.28787282,27.5,460.0046957
20.89084958,18.59964548,19.30101169,27.55,460.3245442
20.9050804,18.61230691,19.31415057,27.6,460.6443927
20.91931123,18.62496835,19.32728945,27.65,463.1369528
20.93354205,18.63762978,19.34042833,27.7,463.4583088
20.94777288,18.65029121,19.35356721,27.75,461.6039381
20.9620037,18.66295265,19.36670608,27.8,461.9237866
20.97623452,18.67561408,19.37984496,27.85,462.2436351
20.99046535,18.68827551,19.39298384,27.9,462.5634836
21.00469617,18.70093695,19.40612272,27.95,462.8833321
21.018927,18.71359838,19.4192616,28,463.2031805
21.03315782,18.72625981,19.43240047,28.05,463.523029
21.04738864,18.73892125,19.44553935,28.1,463.8428775
21.06161947,18.75158268,19.45867823,28.15,464.162726
21.07585029,18.76424411,19.47181711,28.2,464.4825745
21.09008112,18.77690555,19.48495598,28.25,464.802423
21.10431194,18.78956698,19.49809486,28.3,469.5068916
21.11854276,18.80222841,19.51123374,28.35,465.4421199
21.13277359,18.81488985,19.52437262,28.4,465.7619684
21.14700441,18.82755128,19.5375115,28.45,466.0818169
21.16123524,18.84021271,19.55065037,28.5,466.4016654
21.17546606,18.85287415,19.56378925,28.55,466.7215139
21.18969688,18.86553558,19.57692813,28.6,467.0413624
21.20392771,18.87819701,19.59006701,28.65,467.3612108
21.21815853,18.89085845,19.60320589,28.7,467.6810593
21.23238936,18.90351988,19.61634476,28.75,468.0009078
21.24662018,18.91618131,19.62948364,28.8,468.3207563
21.260851,18.92884274,19.64262252,28.85,468.6406048
21.27508183,18.94150418,19.6557614,28.9,471.1708543
21.28931265,18.95416561,19.66890028,28.95,469.2803018
21.30354348,18.96682704,19.68203915,29,471.8135664
21.3177743,18.97948848,19.69517803,29.05,472.1349225
21.33200512,18.99214991,19.70831691,29.1,470.2398472
21.34623595,19.00481134,19.72145579,29.15,470.5596957
21.36046677,19.01747278,19.73459467,29.2,473.0989906
21.37469759,19.03013421,19.74773354,29.25,471.1993927
21.38892842,19.04279564,19.76087242,29.3,471.5192412
21.40315924,19.05545708,19.7740113,29.35,471.8390896
21.41739007,19.06811851,19.78715018,29.4,472.1589381
21.43162089,19.08077994,19.80028906,29.45,472.4787866
21.44585171,19.09344138,19.81342793,29.5,472.7986351
21.46008254,19.10610281,19.82656681,29.55,473.1184836
21.47431336,19.11876424,19.83970569,29.6,473.4383321
21.48854419,19.13142568,19.85284457,29.65,475.9911952
21.50277501,19.14408711,19.86598345,29.7,478.5470735
21.51700583,19.15674854,19.87912232,29.75,474.3978775
21.53123666,19.16940998,19.8922612,29.8,476.9552634
21.54546748,19.18207141,19.90540008,29.85,475.0375745
21.55969831,19.19473284,19.91853896,29.9,475.357423
21.57392913,19.20739428,19.93167783,29.95,480.1613916
21.58815995,19.22005571,19.94481671,30,475.9971199
21.60239078,19.23271714,19.95795559,30.05,476.3169684
21.6166216,19.24537858,19.97109447,30.1,476.6368169
21.63085243,19.25804001,19.98423335,30.15,481.4528462
21.64508325,19.27070144,19.99737222,30.2,479.5261118
21.65931407,19.28336288,20.0105111,30.25,479.8474679
21.6735449,19.29602431,20.02364998,30.3,480.168824
21.68777572,19.30868574,20.03678886,30.35,480.49018
21.70200655,19.32134718,20.04992774,30.4,478.5559078
21.71623737,19.33400861,20.06306661,30.45,481.1328921
21.73046819,19.34667004,20.07620549,30.5,481.4542482
21.74469902,19.35933148,20.08934437,30.55,479.5154533
21.75892984,19.37199291,20.10248325,30.6,484.3586189
21.77316067,19.38465434,20.11562213,30.65,484.6814825
21.78739149,19.39731578,20.128761,30.7,485.0043462
21.80162231,19.40997721,20.14189988,30.75,483.0610285
21.81585314,19.42263864,20.15503876,30.8,483.3823846
21.83008396,19.43530008,20.16817764,30.85,483.7037406
21.84431479,19.44796151,20.18131652,30.9,486.2958007
21.85854561,19.46062294,20.19445539,30.95,486.6186644
21.87277643,19.47328438,20.20759427,31,486.941528
21.88700726,19.48594581,20.22073315,31.05,487.2643916
21.90123808,19.49860724,20.23387203,31.1,485.3105209
21.91546891,19.51126868,20.24701091,31.15,485.631877
21.92969973,19.52393011,20.26014978,31.2,488.2329825
21.94393055,19.53659154,20.27328866,31.25,486.2745891
21.95816138,19.54925298,20.28642754,31.3,486.5959452
21.9723922,19.56191441,20.29956642,31.35,486.9173012
21.98662303,19.57457584,20.31270529,31.4,489.5244371
22.00085385,19.58723728,20.32584417,31.45,489.8473007
22.01508467,19.59989871,20.33898305,31.5,490.1701644
22.0293155,19.61256014,20.35212193,31.55,488.2027255
22.04354632,19.62522158,20.36526081,31.6,488.5240815
22.05777715,19.63788301,20.37839968,31.65,488.8454376
22.07200797,19.65054444,20.39153856,31.7,489.1667937
22.08623879,19.66320587,20.40467744,31.75,489.4881497
22.10046962,19.67586731,20.41781632,31.8,489.8095058
22.11470044,19.68852874,20.4309552,31.85,492.4302098
22.12893127,19.70119017,20.44409407,31.9,492.7530735
22.14316209,19.71385161,20.45723295,31.95,490.773574
22.15739291,19.72651304,20.47037183,32,491.09493
22.17162374,19.73917447,20.48351071,32.05,493.7216644
22.18585456,19.75183591,20.49664959,32.1,491.7376421
22.20008538,19.76449734,20.50978846,32.15,492.0589982
22.21431621,19.77715877,20.52292734,32.2,492.3803543
22.22854703,19.78982021,20.53606622,32.25,497.3187199
22.24277786,19.80248164,20.5492051,32.3,493.0230664
22.25700868,19.81514307,20.56234398,32.35,495.6588462
22.2712395,19.82780451,20.57548285,32.4,495.9817098
22.28547033,19.84046594,20.58862173,32.45,496.3045735
22.29970115,19.85312737,20.60176061,32.5,494.3084906
22.31393198,19.86578881,20.61489949,32.55,494.6298467
22.3281628,19.87845024,20.62803837,32.6,497.2731644
22.34239362,19.89111167,20.64117724,32.65,497.596028
22.35662445,19.90377311,20.65431612,32.7,495.5939149
22.37085527,19.91643454,20.667455,32.75,498.2417553
22.3850861,19.92909597,20.68059388,32.8,496.236627
22.39931692,19.94175741,20.69373276,32.85,498.8874825
22.41354774,19.95441884,20.70687163,32.9,499.2103462
22.42777857,19.96708027,20.72001051,32.95,497.2006952
22.44200939,19.97974171,20.73314939,33,499.8560735
22.45624022,19.99240314,20.74628827,33.05,500.1789371
22.47047104,20.00506457,20.75942714,33.1,502.8329661
22.48470186,20.01772601,20.77256602,33.15,500.8246644
22.49893269,20.03038744,20.7857049,33.2,501.147528
22.51316351,20.04304887,20.79884378,33.25,501.4703916
22.52739434,20.05571031,20.81198266,33.3,504.1304358
22.54162516,20.06837174,20.82512153,33.35,502.1161189
22.55585598,20.08103317,20.83826041,33.4,504.7791707
22.57008681,20.09369461,20.85139929,33.45,500.4142558
22.58431763,20.10635604,20.86453817,33.5,500.7356118
22.59854846,20.11901747,20.87767705,33.55,505.752273
22.61277928,20.13167891,20.89081592,33.6,503.7304371
22.6270101,20.14434034,20.9039548,33.65,504.0533007
22.64124093,20.15700177,20.91709368,33.7,504.3761644
22.65547175,20.16966321,20.93023256,33.75,507.0497427
22.66970258,20.18232464,20.94337144,33.8,507.3741101
22.6839334,20.19498607,20.95651031,33.85,507.6984775
22.69816422,20.20764751,20.96964919,33.9,505.6676189
22.71239505,20.22030894,20.98278807,33.95,508.3472123
22.72662587,20.23297037,20.99592695,34,503.9491725
22.7408567,20.24563181,21.00906583,34.05,508.9959472
22.75508752,20.25829324,21.0222047,34.1,504.5918846
22.76931834,20.27095467,21.03534358,34.15,507.2819371
22.78354917,20.28361611,21.04848246,34.2,507.6048007
22.79777999,20.29627754,21.06162134,34.25,510.2934169
22.81201082,20.30893897,21.07476022,34.3,505.8773088
22.82624164,20.32160041,21.08789909,34.35,510.9421517
22.84047246,20.33426184,21.10103797,34.4,511.2665192
22.85470329,20.34692327,21.11417685,34.45,511.5908866
22.86893411,20.3595847,21.12731573,34.5,511.915254
22.88316494,20.37224614,21.14045461,34.55,507.4840891
22.89739576,20.38490757,21.15359348,34.6,510.1877098
22.91162658,20.397569,21.16673236,34.65,512.8883563
22.92585741,20.41023044,21.17987124,34.7,510.8334371
22.94008823,20.42289187,21.19301012,34.75,511.1563007
22.95431906,20.4355533,21.20614899,34.8,513.8614586
22.96854988,20.44821474,21.21928787,34.85,514.185826
22.9827807,20.46087617,21.23242675,34.9,514.5101934
22.99701153,20.4735376,21.24556563,34.95,514.8345608
23.01124235,20.48619904,21.25870451,35,515.1589283
23.02547317,20.49886047,21.27184338,35.05,515.4832957
23.039704,20.5115219,21.28498226,35.1,515.8076631
23.05393482,20.52418334,21.29812114,35.15,516.1320305
23.06816565,20.53684477,21.31126002,35.2,516.456398
23.08239647,20.5495062,21.3243989,35.25,511.983074
23.09662729,20.56216764,21.33753777,35.3,517.1051328
23.11085812,20.57482907,21.35067665,35.35,515.0306644
23.12508894,20.5874905,21.36381553,35.4,512.9471421
23.13931977,20.60015194,21.37695441,35.45,518.0782351
23.15355059,20.61281337,21.39009329,35.5,518.4026025
23.16778141,20.6254748,21.40323216,35.55,518.7269699
23.18201224,20.63813624,21.41637104,35.6,519.0513373
23.19624306,20.65079767,21.42950992,35.65,516.9678462
23.21047389,20.6634591,21.4426488,35.7,514.8752785
23.22470471,20.67612054,21.45578768,35.75,520.0244396
23.23893553,20.68878197,21.46892655,35.8,520.348807
23.25316636,20.7014434,21.48206543,35.85,520.6731745
23.26739718,20.71410484,21.49520431,35.9,520.9975419
23.28162801,20.72676627,21.50834319,35.95,521.3219093
23.29585883,20.7394277,21.52148207,36,519.2278916
23.31008965,20.75208914,21.53462094,36.05,521.9706442
23.32432048,20.76475057,21.54775982,36.1,517.446127
23.3385513,20.777412,21.5608987,36.15,522.619379
23.35278213,20.79007344,21.57403758,36.2,522.9437464
23.36701295,20.80273487,21.58717646,36.25,523.2681139
23.38124377,20.8153963,21.60031533,36.3,523.5924813
23.3954746,20.82805774,21.61345421,36.35,523.9168487
23.40970542,20.84071917,21.62659309,36.4,521.8108007
23.42393625,20.8533806,21.63973197,36.45,524.5655836
23.43816707,20.86604204,21.65287084,36.5,524.889951
23.45239789,20.87870347,21.66600972,36.55,525.2143184
23.46662872,20.8913649,21.6791486,36.6,523.1022553
23.48085954,20.90402634,21.69228748,36.65,525.8630533
23.49509037,20.91668777,21.70542636,36.7,526.1874207
23.50932119,20.9293492,21.71856523,36.75,526.5117881
23.52355201,20.94201064,21.73170411,36.8,526.8361555
23.53778284,20.95467207,21.74484299,36.85,527.160523
23.55201366,20.9673335,21.75798187,36.9,527.4848904
23.56624449,20.97999494,21.77112075,36.95,525.3623007
23.58047531,20.99265637,21.78425962,37,525.6851644
23.59470613,21.0053178,21.7973985,37.05,528.4579927
23.60893696,21.01797924,21.81053738,37.1,528.7823601
23.62316778,21.03064067,21.82367626,37.15,526.6537553
23.63739861,21.0433021,21.83681514,37.2,529.4310949
23.65162943,21.05596354,21.84995401,37.25,529.7554623
23.66586025,21.06862497,21.86309289,37.3,530.0798298
23.68009108,21.0812864,21.87623177,37.35,530.4041972
23.6943219,21.09394783,21.88937065,37.4,528.2680735
23.70855273,21.10660927,21.90250953,37.45,531.052932
23.72278355,21.1192707,21.9156484,37.5,528.9138007
23.73701437,21.13193213,21.92878728,37.55,531.7016669
23.7512452,21.14459357,21.94192616,37.6,532.0260343
23.76547602,21.157255,21.95506504,37.65,532.3504017
23.77970685,21.16991643,21.96820392,37.7,532.6747692
23.79393767,21.18257787,21.98134279,37.75,532.9991366
23.80816849,21.1952393,21.99448167,37.8,533.323504
23.82239932,21.20790073,22.00762055,37.85,533.6478714
23.83663014,21.22056217,22.02075943,37.9,533.9722389
23.85086096,21.2332236,22.03389831,37.95,536.7798785
23.86509179,21.24588503,22.04703718,38,534.6209737
23.87932261,21.25854647,22.06017606,38.05,532.4653007
23.89355344,21.2712079,22.07331494,38.1,535.2697086
23.90778426,21.28386933,22.08645382,38.15,535.594076
23.92201508,21.29653077,22.09959269,38.2,535.9184434
23.93624591,21.3091922,22.11273157,38.25,538.7351285
23.95047673,21.32185363,22.12587045,38.3,536.5671783
23.96470756,21.33451507,22.13900933,38.35,536.8915457
23.97893838,21.3471765,22.15214821,38.4,537.2159131
23.9931692,21.35983793,22.16528708,38.45,537.5402805
24.00740003,21.37249937,22.17842596,38.5,535.3710735
24.02163085,21.3851608,22.19156484,38.55,540.6903785
24.03586168,21.39782223,22.20470372,38.6,541.0162535
24.0500925,21.41048367,22.2178426,38.65,538.8377502
24.06432332,21.4231451,22.23098147,38.7,541.6680035
24.07855415,21.43580653,22.24412035,38.75,539.4864851
24.09278497,21.44846797,22.25725923,38.8,542.3197535
24.1070158,21.4611294,22.27039811,38.85,540.1352199
24.12124662,21.47379083,22.28353699,38.9,542.9715035
24.13547744,21.48645227,22.29667586,38.95,540.7839548
24.14970827,21.4991137,22.30981474,39,543.6232535
24.16393909,21.51177513,22.32295362,39.05,538.9225735
24.17816992,21.52443657,22.3360925,39.1,544.2750035
24.19240074,21.537098,22.34923138,39.15,542.0814245
24.20663156,21.54975943,22.36237025,39.2,544.9267535
24.22086239,21.56242087,22.37550913,39.25,545.2526285
24.23509321,21.5750823,22.38864801,39.3,545.5785035
24.24932404,21.58774373,22.40178689,39.35,545.9043785
24.26355486,21.60040517,22.41492577,39.4,546.2302535
24.27778568,21.6130666,22.42806464,39.45,544.027629
24.29201651,21.62572803,22.44120352,39.5,546.8820035
24.30624733,21.63838947,22.4543424,39.55,547.2078785
24.32047816,21.6510509,22.46748128,39.6,547.5337535
24.33470898,21.66371233,22.48062016,39.65,545.3250987
24.3489398,21.67637377,22.49375903,39.7,548.1855035
24.36317063,21.6890352,22.50689791,39.75,548.5113785
24.37740145,21.70169663,22.52003679,39.8,546.298201
24.39163228,21.71435807,22.53317567,39.85,549.1631285
24.4058631,21.7270195,22.54631454,39.9,549.4890035
24.42009392,21.73968093,22.55945342,39.95,549.8148785
24.43432475,21.75234237,22.5725923,40,550.1407535
24.44855557,21.7650038,22.58573118,40.05,550.4666285
24.4627864,21.77766523,22.59887006,40.1,550.7925035
24.47701722,21.79032666,22.61200893,40.15,551.1183785
24.49124804,21.8029881,22.62514781,40.2,551.4442535
24.50547887,21.81564953,22.63828669,40.25,551.7701285
24.51970969,21.82831096,22.65142557,40.3,552.0960035
24.53394052,21.8409724,22.66456445,40.35,552.4218785
24.54817134,21.85363383,22.67770332,40.4,552.7477535
24.56240216,21.86629526,22.6908422,40.45,553.0736285
24.57663299,21.8789567,22.70398108,40.5,553.3995035
24.59086381,21.89161813,22.71711996,40.55,553.7253785
24.60509463,21.90427956,22.73025884,40.6,554.0512535
24.61932546,21.916941,22.74339771,40.65,549.2542098
24.63355628,21.92960243,22.75653659,40.7,549.5770735
24.64778711,21.94226386,22.76967547,40.75,555.0288785
24.66201793,21.9549253,22.78281435,40.8,555.3547535
24.67624875,21.96758673,22.79595323,40.85,555.6806285
24.69047958,21.98024816,22.8090921,40.9,556.0065035
24.7047104,21.9929096,22.82223098,40.95,556.3323785
24.71894123,22.00557103,22.83536986,41,556.6582535
24.73317205,22.01823246,22.84850874,41.05,556.9841285
24.74740287,22.0308939,22.86164762,41.1,557.3100035
24.7616337,22.04355533,22.87478649,41.15,557.6358785
24.77586452,22.05621676,22.88792537,41.2,557.9617535
24.79009535,22.0688782,22.90106425,41.25,558.2876285
24.80432617,22.08153963,22.91420313,41.3,558.6135035
24.81855699,22.09420106,22.927342,41.35,558.9393785
24.83278782,22.1068625,22.94048088,41.4,559.2652535
24.84701864,22.11952393,22.95361976,41.45,559.5911285
24.86124947,22.13218536,22.96675864,41.5,559.9170035
24.87548029,22.1448468,22.97989752,41.55,560.2428785
24.88971111,22.15750823,22.99303639,41.6,560.5687535
24.90394194,22.17016966,23.00617527,41.65,560.8946285
24.91817276,22.1828311,23.01931415,41.7,561.2205035
24.93240359,22.19549253,23.03245303,41.75,561.5463785
24.94663441,22.20815396,23.04559191,41.8,561.8722535
24.96086523,22.2208154,23.05873078,41.85,559.5972654
24.97509606,22.23347683,23.07186966,41.9,562.5240035
24.98932688,22.24613826,23.08500854,41.95,562.8498785
25.00355771,22.2587997,23.09814742,42,563.1757535
25.01778853,22.27146113,23.1112863,42.05,563.5016285
25.03201935,22.28412256,23.12442517,42.1,563.8275035
25.04625018,22.296784,23.13756405,42.15,564.1533785
25.060481,22.30944543,23.15070293,42.2,564.4792535
25.07471183,22.32210686,23.16384181,42.25,564.8051285
25.08894265,22.3347683,23.17698069,42.3,565.1310035
25.10317347,22.34742973,23.19011956,42.35,565.4568785
25.1174043,22.36009116,23.20325844,42.4,565.7827535
25.13163512,22.3727526,23.21639732,42.45,566.1086285
25.14586595,22.38541403,23.2295362,42.5,569.0549651
25.16009677,22.39807546,23.24267508,42.55,566.7603785
25.17432759,22.4107369,23.25581395,42.6,567.0862535
25.18855842,22.42339833,23.26895283,42.65,567.4121285
25.20278924,22.43605976,23.28209171,42.7,567.7380035
25.21702007,22.4487212,23.29523059,42.75,568.0638785
25.23125089,22.46138263,23.30836947,42.8,571.0192606
25.24548171,22.47404406,23.32150834,42.85,568.7156285
25.25971254,22.4867055,23.33464722,42.9,569.0415035
25.27394336,22.49936693,23.3477861,42.95,569.3673785
25.28817419,22.51202836,23.36092498,43,569.6932535
25.30240501,22.52468979,23.37406385,43.05,570.0191285
25.31663583,22.53735123,23.38720273,43.1,570.3450035
25.33086666,22.55001266,23.40034161,43.15,570.6708785
25.34509748,22.56267409,23.41348049,43.2,570.9967535
25.35932831,22.57533553,23.42661937,43.25,571.3226285
25.37355913,22.58799696,23.43975824,43.3,571.6485035
25.38778995,22.60065839,23.45289712,43.35,571.9743785
25.40202078,22.61331983,23.466036,43.4,572.3002535
25.4162516,22.62598126,23.47917488,43.45,572.6261285
25.43048242,22.63864269,23.49231376,43.5,572.9520035
25.44471325,22.65130413,23.50545263,43.55,573.2778785
25.45894407,22.66396556,23.51859151,43.6,573.6037535
25.4731749,22.67662699,23.53173039,43.65,576.5847643
25.48740572,22.68928843,23.54486927,43.7,576.9121469
25.50163654,22.70194986,23.55800815,43.75,577.2395295
25.51586737,22.71461129,23.57114702,43.8,574.9072535
25.53009819,22.72727273,23.5842859,43.85,575.2331285
25.54432902,22.73993416,23.59742478,43.9,575.5590035
25.55855984,22.75259559,23.61056366,43.95,575.8848785
25.57279066,22.76525703,23.62370254,44,581.5354335
25.58702149,22.77791846,23.63684141,44.05,576.5366285
25.60125231,22.79057989,23.64998029,44.1,579.5312075
25.61548314,22.80324133,23.66311917,44.15,577.1883785
25.62971396,22.81590276,23.67625805,44.2,580.1859727
25.64394478,22.82856419,23.68939693,44.25,577.8401285
25.65817561,22.84122563,23.7025358,44.3,580.8407378
25.67240643,22.85388706,23.71567468,44.35,581.1681204
25.68663726,22.86654849,23.72881356,44.4,578.8177535
25.70086808,22.87920993,23.74195244,44.45,579.1436285
25.7150989,22.89187136,23.75509132,44.5,584.8242972
25.72932973,22.90453279,23.76823019,44.55,585.1531835
25.74356055,22.91719423,23.78136907,44.6,580.1212535
25.75779138,22.92985566,23.79450795,44.65,585.8109563
25.7720222,22.94251709,23.80764683,44.7,583.4597984
25.78625302,22.95517853,23.8207857,44.75,583.787181
25.80048385,22.96783996,23.83392458,44.8,584.1145636
25.81471467,22.98050139,23.84706346,44.85,584.4419462
25.8289455,22.99316283,23.86020234,44.9,584.7693287
25.84317632,23.00582426,23.87334122,44.95,585.0967113
25.85740714,23.01848569,23.88648009,45,585.4240939
25.87163797,23.03114713,23.89961897,45.05,585.7514765
25.88586879,23.04380856,23.91275785,45.1,586.078859
25.90009962,23.05646999,23.92589673,45.15,586.4062416
25.91433044,23.06913143,23.93903561,45.2,586.7336242
25.92856126,23.08179286,23.95217448,45.25,587.0610068
25.94279209,23.09445429,23.96531336,45.3,590.086479
25.95702291,23.10711573,23.97845224,45.35,590.4153654
25.97125374,23.11977716,23.99159112,45.4,588.0431545
25.98548456,23.13243859,24.00473,45.45,588.3705371
25.99971538,23.14510003,24.01786887,45.5,588.6979196
26.01394621,23.15776146,24.03100775,45.55,591.7309108
26.02817703,23.17042289,24.04414663,45.6,589.3526848
26.04240786,23.18308433,24.05728551,45.65,592.3886835
26.05663868,23.19574576,24.07042439,45.7,590.00745
26.0708695,23.20840719,24.08356326,45.75,590.3348325
26.08510033,23.22106862,24.09670214,45.8,590.6622151
26.09933115,23.23373006,24.10984102,45.85,590.9895977
26.11356198,23.24639149,24.1229799,45.9,591.3169803
26.1277928,23.25905292,24.13611878,45.95,591.6443628
26.14202362,23.27171436,24.14925765,46,591.9717454
26.15625445,23.28437579,24.16239653,46.05,592.299128
26.17048527,23.29703722,24.17553541,46.1,592.6265106
26.1847161,23.30969866,24.18867429,46.15,592.9538931
26.19894692,23.32236009,24.20181317,46.2,593.2812757
26.21317774,23.33502152,24.21495204,46.25,593.6086583
26.22740857,23.34768296,24.22809092,46.3,593.9360409
26.24163939,23.36034439,24.2412298,46.35,594.2634234
26.25587021,23.37300582,24.25436868,46.4,594.590806
26.27010104,23.38566726,24.26750755,46.45,597.6508654
26.28433186,23.39832869,24.28064643,46.5,595.2455712
26.29856269,23.41099012,24.29378531,46.55,595.5729537
26.31279351,23.42365156,24.30692419,46.6,595.9003363
26.32702433,23.43631299,24.32006307,46.65,596.2277189
26.34125516,23.44897442,24.33320194,46.7,599.2952972
26.35548598,23.46163586,24.34634082,46.75,596.882484
26.36971681,23.47429729,24.3594797,46.8,597.2098666
26.38394763,23.48695872,24.37261858,46.85,597.5372492
26.39817845,23.49962016,24.38575746,46.9,597.8646318
26.41240928,23.51228159,24.39889633,46.95,598.1920143
26.4266401,23.52494302,24.41203521,47,601.2686154
26.44087093,23.53760446,24.42517409,47.05,598.8467795
26.45510175,23.55026589,24.43831297,47.1,599.1741621
26.46933257,23.56292732,24.45145185,47.15,599.5015446
26.4835634,23.57558876,24.46459072,47.2,599.8289272
26.49779422,23.58825019,24.4777296,47.25,600.1563098
26.51202505,23.60091162,24.49086848,47.3,600.4836924
26.52625587,23.61357306,24.50400736,47.35,600.811075
26.54048669,23.62623449,24.51714624,47.4,601.1384575
26.55471752,23.63889592,24.53028511,47.45,604.2285926
26.56894834,23.65155736,24.54342399,47.5,601.7932227
26.58317917,23.66421879,24.55656287,47.55,604.8863654
26.59740999,23.67688022,24.56970175,47.6,607.9894861
26.61164081,23.68954166,24.58284063,47.65,602.7753704
26.62587164,23.70220309,24.5959795,47.7,603.102753
26.64010246,23.71486452,24.60911838,47.75,608.9806679
26.65433329,23.72752596,24.62225726,47.8,609.3110618
26.66856411,23.74018739,24.63539614,47.85,606.8596835
26.68279493,23.75284882,24.64853502,47.9,604.4122833
26.69702576,23.76551026,24.66167389,47.95,604.7396659
26.71125658,23.77817169,24.67481277,48,607.8463426
26.72548741,23.79083312,24.68795165,48.05,605.394431
26.73971823,23.80349456,24.70109053,48.1,605.7218136
26.75394905,23.81615599,24.7142294,48.15,606.0491962
26.76817988,23.82881742,24.72736828,48.2,606.3765787
26.7824107,23.84147886,24.74050716,48.25,609.4907745
26.79664153,23.85414029,24.75364604,48.3,607.0313439
26.81087235,23.86680172,24.76678492,48.35,607.3587265
26.82510317,23.87946316,24.77992379,48.4,610.4774335
26.839334,23.89212459,24.79306267,48.45,613.606183
26.85356482,23.90478602,24.80620155,48.5,608.3408742
26.86779565,23.91744746,24.81934043,48.55,611.4640926
26.88202647,23.93010889,24.83247931,48.6,611.792979
26.89625729,23.94277032,24.84561818,48.65,609.3230219
26.91048812,23.95543175,24.85875706,48.7,615.2581527
26.92471894,23.96809319,24.87189594,48.75,612.7796381
26.93894977,23.98075462,24.88503482,48.8,613.1085245
26.95318059,23.99341605,24.8981737,48.85,613.4374108
26.96741141,24.00607749,24.91131257,48.9,616.5797285
26.98164224,24.01873892,24.92445145,48.95,616.9101224
26.99587306,24.03140035,24.93759033,49,617.2405164
27.01010389,24.04406179,24.95072921,49.05,617.5709103
27.02433471,24.05672322,24.96386809,49.1,612.2694651
27.03856553,24.06938465,24.97700696,49.15,612.5968477
27.05279636,24.08204609,24.99014584,49.2,612.9242303
27.06702718,24.09470752,25.00328472,49.25,613.2516128
27.081258,24.10736895,25.0164236,49.3,616.3973881
27.09548883,24.12003039,25.02956248,49.35,616.7262745
27.10971965,24.13269182,25.04270135,49.4,619.8836679
27.12395048,24.14535325,25.05584023,49.45,614.5611431
27.1381813,24.15801469,25.06897911,49.5,617.7129335
27.15241212,24.17067612,25.08211799,49.55,615.2159083
27.16664295,24.18333755,25.09525687,49.6,621.2052436
27.18087377,24.19599899,25.10839574,49.65,618.6995926
27.1951046,24.20866042,25.12153462,49.7,619.028479
27.20933542,24.22132185,25.1346735,49.75,619.3573654
27.22356624,24.23398329,25.14781238,49.8,619.6862517
27.23779707,24.24664472,25.16095125,49.85,617.1802037
27.25202789,24.25930615,25.17409013,49.9,617.5075863
27.26625872,24.27196759,25.18722901,49.95,620.6729108
27.28048954,24.28462902,25.20036789,50,618.1623515
27.29472036,24.29729045,25.21350677,50.05,624.1787891
27.30895119,24.30995189,25.22664564,50.1,621.6595699
27.32318201,24.32261332,25.23978452,50.15,621.9884563
27.33741284,24.33527475,25.2529234,50.2,622.3173426
27.35164366,24.34793619,25.26606228,50.25,625.5003648
27.36587448,24.36059762,25.27920116,50.3,625.8307588
27.38010531,24.37325905,25.29234003,50.35,626.1611527
27.39433613,24.38592049,25.30547891,50.4,620.7814121
27.40856696,24.39858192,25.31861779,50.45,623.9617745
27.42279778,24.41124335,25.33175667,50.5,624.2906608
27.4370286,24.42390479,25.34489555,50.55,624.6195472
27.45125943,24.43656622,25.35803442,50.6,627.8131224
27.46549025,24.44922765,25.3711733,50.65,628.1435164
27.47972108,24.46188909,25.38431218,50.7,622.7457075
27.4939519,24.47455052,25.39745106,50.75,625.9350926
27.50818272,24.48721195,25.41058994,50.8,623.4004727
27.52241355,24.49987339,25.42372881,50.85,629.4650921
27.53664437,24.51253482,25.43686769,50.9,626.9217517
27.5508752,24.52519625,25.45000657,50.95,630.12588
27.56510602,24.53785769,25.46314545,51,630.4562739
27.57933684,24.55051912,25.47628433,51.05,630.7866679
27.59356767,24.56318055,25.4894232,51.1,631.1170618
27.60779849,24.57584199,25.50256208,51.15,631.4474558
27.62202932,24.58850342,25.51570096,51.2,628.8950699
27.63626014,24.60116485,25.52883984,51.25,632.1082436
27.65049096,24.61382629,25.54197872,51.3,632.4386376
27.66472179,24.62648772,25.55511759,51.35,632.7690315
27.67895261,24.63914915,25.56825647,51.4,630.2106154
27.69318344,24.65181058,25.58139535,51.45,633.4298194
27.70741426,24.66447202,25.59453423,51.5,630.8683881
27.72164508,24.67713345,25.6076731,51.55,634.0906073
27.73587591,24.68979488,25.62081198,51.6,634.4210012
27.75010673,24.70245632,25.63395086,51.65,628.9659765
27.76433756,24.71511775,25.64708974,51.7,632.1839335
27.77856838,24.72777918,25.66022862,51.75,632.5128199
27.7927992,24.74044062,25.67336749,51.8,632.8417063
27.80703003,24.75310205,25.68650637,51.85,636.0729709
27.82126085,24.76576348,25.69964525,51.9,636.4033648
27.83549167,24.77842492,25.71278413,51.95,636.7337588
27.8497225,24.79108635,25.72592301,52,637.0641527
27.86395332,24.80374778,25.73906188,52.05,634.4861381
27.87818415,24.81640922,25.75220076,52.1,634.8150245
27.89241497,24.82907065,25.76533964,52.15,638.0553345
27.90664579,24.84173208,25.77847852,52.2,638.3857285
27.92087662,24.85439352,25.7916174,52.25,635.8016835
27.93510744,24.86705495,25.80475627,52.3,636.1305699
27.94933827,24.87971638,25.81789515,52.35,636.4594563
27.96356909,24.89237782,25.83103403,52.4,639.7073042
27.97779991,24.90503925,25.84417291,52.45,640.0376982
27.99203074,24.91770068,25.85731179,52.5,637.4461154
28.00626156,24.93036212,25.87045066,52.55,640.6984861
28.02049239,24.94302355,25.88358954,52.6,638.1038881
28.03472321,24.95568498,25.89672842,52.65,641.3592739
28.04895403,24.96834642,25.9098673,52.7,638.7616608
28.06318486,24.98100785,25.92300618,52.75,642.0200618
28.07741568,24.99366928,25.93614505,52.8,639.4194335
28.09164651,25.00633072,25.94928393,52.85,639.7483199
28.10587733,25.01899215,25.96242281,52.9,643.0112436
28.12010815,25.03165358,25.97556169,52.95,640.4060926
28.13433898,25.04431502,25.98870056,53,640.734979
28.1485698,25.05697645,26.00183944,53.05,644.0024255
28.16280063,25.06963788,26.01497832,53.1,644.3328194
28.17703145,25.08229932,26.0281172,53.15,641.7216381
28.19126227,25.09496075,26.04125608,53.2,642.0505245
28.2054931,25.10762218,26.05439495,53.25,642.3794108
28.21972392,25.12028362,26.06753383,53.3,642.7082972
28.23395475,25.13294505,26.08067271,53.35,645.9847891
28.24818557,25.14560648,26.09381159,53.4,646.315183
28.26241639,25.15826792,26.10695047,53.45,646.645577
28.27664722,25.17092935,26.12008934,53.5,649.9280992
28.29087804,25.18359078,26.13322822,53.55,644.352729
28.30510887,25.19625222,26.1463671,53.6,644.6816154
28.31933969,25.20891365,26.15950598,53.65,647.9671527
28.33357051,25.22157508,26.17264486,53.7,651.2557052
28.34780134,25.23423652,26.18578373,53.75,648.6279406
28.36203216,25.24689795,26.19892261,53.8,645.9971608
28.37626299,25.25955938,26.21206149,53.85,646.3260472
28.39049381,25.27222082,26.22520037,53.9,652.5833113
28.40472463,25.28488225,26.23833925,53.95,646.9838199
28.41895546,25.29754368,26.25147812,54,650.2799103
28.43318628,25.31020512,26.264617,54.05,653.5790158
28.44741711,25.32286655,26.27775588,54.1,650.9406982
28.46164793,25.33552798,26.29089476,54.15,651.2710921
28.47587875,25.34818942,26.30403364,54.2,648.6282517
28.49010958,25.36085085,26.31717251,54.25,651.93188
28.5043404,25.37351228,26.33031139,54.3,649.2860245
28.51857123,25.38617371,26.34345027,54.35,652.5926679
28.53280205,25.39883515,26.35658915,54.4,652.9230618
28.54703287,25.41149658,26.36972803,54.45,650.2726835
28.5612637,25.42415801,26.3828669,54.5,653.5838497
28.57549452,25.43681945,26.39600578,54.55,650.9304563
28.58972535,25.44948088,26.40914466,54.6,654.2446376
28.60395617,25.46214231,26.42228354,54.65,657.561834
28.61818699,25.47480375,26.43542241,54.7,651.9171154
28.63241782,25.48746518,26.44856129,54.75,655.2358194
28.64664864,25.50012661,26.46170017,54.8,652.5748881
28.66087946,25.51278805,26.47483905,54.85,658.8894401
28.67511029,25.52544948,26.48797793,54.9,653.2326608
28.68934111,25.53811091,26.5011168,54.95,653.5615472
28.70357194,25.55077235,26.51425568,55,659.8851446
28.71780276,25.56343378,26.52739456,55.05,660.2170461
28.73203358,25.57609521,26.54053344,55.1,660.5489477
28.74626441,25.58875665,26.55367232,55.15,657.8789709
28.76049523,25.60141808,26.56681119,55.2,658.2093648
28.77472606,25.61407951,26.57995007,55.25,658.5397588
28.78895688,25.62674095,26.59308895,55.3,661.8765537
28.8031877,25.63940238,26.60622783,55.35,662.2084552
28.81741853,25.65206381,26.61936671,55.4,659.5309406
28.83164935,25.66472525,26.63250558,55.45,659.8613345
28.84588018,25.67738668,26.64564446,55.5,660.1917285
28.860111,25.69004811,26.65878334,55.55,663.5360613
28.87434182,25.70270955,26.67192222,55.6,663.8679628
28.88857265,25.71537098,26.6850611,55.65,664.1998643
28.90280347,25.72803241,26.69819997,55.7,664.5317658
28.9170343,25.74069385,26.71133885,55.75,658.823729
28.93126512,25.75335528,26.72447773,55.8,665.1955689
28.94549594,25.76601671,26.73761661,55.85,662.5044861
28.95972677,25.77867815,26.75075549,55.9,665.8593719
28.97395759,25.79133958,26.76389436,55.95,660.1392745
28.98818842,25.80400101,26.77703324,56,660.4681608
29.00241924,25.81666245,26.79017212,56.05,666.8550765
29.01665006,25.82932388,26.803311,56.1,667.186978
29.03088089,25.84198531,26.81644988,56.15,661.4548199
29.04511171,25.85464675,26.82958875,56.2,667.850781
29.05934254,25.86730818,26.84272763,56.25,668.1826825
29.07357336,25.87996961,26.85586651,56.3,668.514584
29.08780418,25.89263105,26.86900539,56.35,668.8464855
29.10203501,25.90529248,26.88214426,56.4,666.1388194
29.11626583,25.91795391,26.89528314,56.45,666.4692133
29.13049666,25.93061535,26.90842202,56.5,666.7996073
29.14472748,25.94327678,26.9215609,56.55,670.1740916
29.1589583,25.95593821,26.93469978,56.6,670.5059931
29.17318913,25.96859965,26.94783865,56.65,670.8378946
29.18741995,25.98126108,26.96097753,56.7,668.121183
29.20165078,25.99392251,26.97411641,56.75,671.5016977
29.2158816,26.00658395,26.98725529,56.8,671.8335992
29.23011242,26.01924538,27.00039417,56.85,672.1655007
29.24434325,26.03190681,27.01353304,56.9,672.4974022
29.25857407,26.04456825,27.02667192,56.95,672.8293037
29.2728049,26.05722968,27.0398108,57,670.1035467
29.28703572,26.06989111,27.05294968,57.05,673.4931068
29.30126654,26.08255254,27.06608856,57.1,673.8250083
29.31549737,26.09521398,27.07922743,57.15,671.0947285
29.32972819,26.10787541,27.09236631,57.2,674.4888113
29.34395902,26.12053684,27.10550519,57.25,668.6903199
29.35818984,26.13319828,27.11864407,57.3,672.0859103
29.37242066,26.14585971,27.13178295,57.35,675.4845158
29.38665149,26.15852114,27.14492182,57.4,672.7466982
29.40088231,26.17118258,27.1580607,57.45,676.1483189
29.41511314,26.18384401,27.17119958,57.5,676.4802204
29.42934396,26.19650544,27.18433846,57.55,676.8121219
29.44357478,26.20916688,27.19747734,57.6,677.1440234
29.45780561,26.22182831,27.21061621,57.65,677.4759249
29.47203643,26.23448974,27.22375509,57.7,674.7290618
29.48626725,26.24715118,27.23689397,57.75,678.139728
29.50049808,26.25981261,27.25003285,57.8,678.4716295
29.5147289,26.27247404,27.26317173,57.85,678.803531
29.52895973,26.28513548,27.2763106,57.9,679.1354325
29.54319055,26.29779691,27.28944948,57.95,679.467334
29.55742137,26.31045834,27.30258836,58,679.7992355
29.5716522,26.32311978,27.31572724,58.05,680.1311371
29.58588302,26.33578121,27.32886611,58.1,680.4630386
29.60011385,26.34844264,27.34200499,58.15,680.7949401
29.61434467,26.36110408,27.35514387,58.2,681.1268416
29.62857549,26.37376551,27.36828275,58.25,681.4587431
29.64280632,26.38642694,27.38142163,58.3,681.7906446
29.65703714,26.39908838,27.3945605,58.35,682.1225461
29.67126797,26.41174981,27.40769938,58.4,682.4544477
29.68549879,26.42441124,27.42083826,58.45,682.7863492
29.69972961,26.43707268,27.43397714,58.5,683.1182507
29.71396044,26.44973411,27.44711602,58.55,683.4501522
29.72819126,26.46239554,27.46025489,58.6,683.7820537
29.74242209,26.47505698,27.47339377,58.65,684.1139552
29.75665291,26.48771841,27.48653265,58.7,684.4458568
29.77088373,26.50037984,27.49967153,58.75,684.7777583
29.78511456,26.51304128,27.51281041,58.8,685.1096598
29.79934538,26.52570271,27.52594928,58.85,685.4415613
29.81357621,26.53836414,27.53908816,58.9,685.7734628
29.82780703,26.55102558,27.55222704,58.95,686.1053643
29.84203785,26.56368701,27.56536592,59,686.4372658
29.85626868,26.57634844,27.5785048,59.05,686.7691674
29.8704995,26.58900988,27.59164367,59.1,687.1010689
29.88473033,26.60167131,27.60478255,59.15,687.4329704
29.89896115,26.61433274,27.61792143,59.2,687.7648719
29.91319197,26.62699418,27.63106031,59.25,688.0967734
29.9274228,26.63965561,27.64419919,59.3,688.4286749
29.94165362,26.65231704,27.65733806,59.35,688.7605765
29.95588445,26.66497848,27.67047694,59.4,689.092478
29.97011527,26.67763991,27.68361582,59.45,689.4243795
29.98434609,26.69030134,27.6967547,59.5,689.756281
29.99857692,26.70296278,27.70989358,59.55,690.0881825
,,,,
,,,,
,,,,
,,,,
,,,,
,,,,
,,,,
,,,,
,,,,
,,,,
,,,,
,,,,
,,,,
,,,,
,,,,
,,,,
,,,,
,,,,
,,,,
,,,,
,,,,
,,,,
,,,,
,,,,
,,,,
,,,,
,,,,
,,,,
,,,,
,,,,
,,,,
,,,,
,,,,
,,,,
,,,,
,,,,
,,,,
,,,,
,,,,
,,,,
,,,,
,,,,
,,,,
,,,,
,,,,
,,,,
,,,,
,,,,
,,,,
,,,,
,,,,
,,,,
,,,,
,,,,
,,,,
,,,,
,,,,
,,,,
,,,,
,,,,
,,,,
,,,,
,,,,
,,,,
,,,,
,,,,
,,,,
,,,,
,,,,
,,,,
,,,,
,,,,
,,,,
,,,,
,,,,
,,,,
,,,,
,,,,
,,,,
,,,,
,,,,
,,,,
,,,,
,,,,
,,,,
,,,,
,,,,
,,,,
,,,,
,,,,
,,,,
,,,,
,,,,
,,,,
,,,,
,,,,
,,,,
,,,,
,,,,
,,,,
,,,,
,,,,
,,,,
,,,,
,,,,
,,,,
,,,,
,,,,
,,,,
,,,,
,,,,
,,,,
,,,,
,,,,
,,,,
,,,,
,,,,
,,,,
,,,,
,,,,
,,,,
,,,,
,,,,
,,,,
,,,,
,,,,
,,,,
,,,,
,,,,
,,,,
,,,,
,,,,
,,,,
,,,,
,,,,
,,,,
,,,,
,,,,
,,,,
,,,,
,,,,
,,,,
,,,,
,,,,
,,,,
,,,,
,,,,
,,,,
,,,,
,,,,
,,,,
,,,,
,,,,
,,,,
,,,,
,,,,
,,,,
,,,,
,,,,
,,,,
,,,,
,,,,
,,,,
,,,,
,,,,
,,,,
,,,,
,,,,
,,,,
,,,,
,,,,
,,,,
,,,,
,,,,
,,,,
,,,,
,,,,
,,,,
,,,,
,,,,
,,,,
,,,,
,,,,
,,,,
,,,,
,,,,
,,,,
,,,,
,,,,
,,,,
,,,,
,,,,
,,,,
,,,,
,,,,
,,,,
,,,,
,,,,
,,,,
,,,,
,,,,
,,,,
,,,,
,,,,
,,,,
,,,,
,,,,
,,,,
,,,,
,,,,
,,,,
,,,,
,,,,
,,,,
,,,,
,,,,
,,,,
,,,,
,,,,
,,,,
,,,,
,,,,
,,,,
,,,,
,,,,
,,,,
,,,,
,,,,
,,,,
,,,,
,,,,
,,,,
,,,,
,,,,
,,,,
,,,,
,,,,
,,,,
,,,,
,,,,
,,,,
,,,,
,,,,
,,,,
,,,,
,,,,
,,,,
,,,,
,,,,
,,,,
,,,,
,,,,
,,,,
,,,,
,,,,
,,,,
,,,,
,,,,
,,,,
,,,,
,,,,
,,,,
,,,,
,,,,
,,,,
,,,,
,,,,
,,,,
,,,,
,,,,
,,,,
,,,,
,,,,
,,,,
,,,,
,,,,
,,,,
,,,,
,,,,
,,,,
,,,,
,,,,
,,,,
,,,,
,,,,
,,,,
,,,,
,,,,
,,,,
,,,,
,,,,
,,,,
,,,,
,,,,
,,,,
,,,,
,,,,
,,,,
,,,,
,,,,
,,,,
,,,,
,,,,
,,,,
,,,,
,,,,
,,,,
,,,,
,,,,
,,,,
,,,,
,,,,
,,,,
,,,,
,,,,
,,,,
,,,,
,,,,
,,,,
,,,,
,,,,
,,,,
,,,,
,,,,
,,,,
,,,,
,,,,
,,,,
,,,,
,,,,
,,,,
,,,,
,,,,
,,,,
,,,,
,,,,
,,,,
,,,,
,,,,
,,,,
,,,,
,,,,
,,,,
,,,,
,,,,
,,,,
,,,,
,,,,
,,,,
,,,,
,,,,
,,,,
,,,,
,,,,
,,,,
,,,,
,,,,
,,,,
,,,,
,,,,
,,,,
,,,,
,,,,
,,,,
,,,,
,,,,
,,,,
,,,,
,,,,
,,,,
,,,,
,,,,
,,,,
,,,,
,,,,
,,,,
,,,,
,,,,
,,,,
,,,,
,,,,
,,,,
,,,,
,,,,
,,,,
,,,,
,,,,
,,,,
,,,,
,,,,
,,,,
,,,,
,,,,
,,,,
,,,,
,,,,
,,,,
,,,,
,,,,
,,,,
,,,,
,,,,
,,,,
,,,,
,,,,
,,,,
,,,,
,,,,
,,,,
,,,,
,,,,
,,,,
,,,,
,,,,
,,,,
,,,,
,,,,
,,,,
,,,,
,,,,
,,,,
,,,,
,,,,
,,,,
,,,,
,,,,
,,,,
,,,,
,,,,
,,,,
,,,,
,,,,
,,,,
,,,,
,,,,
,,,,
,,,,
,,,,
,,,,
,,,,
,,,,
,,,,
,,,,
,,,,
,,,,
,,,,
,,,,
,,,,
,,,,
,,,,
,,,,
,,,,
,,,,
,,,,
,,,,
,,,,
,,,,
,,,,
,,,,
,,,,
,,,,
,,,,
,,,,
,,,,
,,,,
,,,,
,,,,
,,,,
,,,,
,,,,
,,,,
,,,,
,,,,
,,,,
,,,,
,,,,
,,,,
,,,,
,,,,
,,,,
,,,,
,,,,
,,,,
,,,,
,,,,
,,,,
,,,,
,,,,
,,,,
,,,,
,,,,
,,,,
,,,,
,,,,
,,,,
,,,,
,,,,
,,,,
,,,,
,,,,
,,,,
,,,,
,,,,
,,,,
,,,,
,,,,
,,,,
,,,,
,,,,
,,,,
,,,,
,,,,
,,,,
,,,,
,,,,
,,,,
,,,,
,,,,
,,,,
,,,,
,,,,
,,,,
,,,,
,,,,
,,,,
,,,,
,,,,
,,,,
,,,,
,,,,
,,,,
,,,,
,,,,
,,,,
,,,,
,,,,
,,,,
,,,,
,,,,
,,,,
,,,,
,,,,
,,,,
,,,,
,,,,
,,,,
,,,,
,,,,
,,,,
,,,,
,,,,
,,,,
,,,,
,,,,
,,,,
,,,,
,,,,
,,,,
,,,,
,,,,
,,,,
,,,,
,,,,